match,bowlingTeam,bowlerName,overs,maiden,runs,wickets,economy,0s,4s,6s,wides,noBalls,match_id
Chennai Super Kings vs Gujarat Titans,Gujarat Titans,Mohammed Shami,4,0,29,2,7.25,13,2,2,0,1,1
Chennai Super Kings vs Gujarat Titans,Gujarat Titans,Hardik Pandya,3,0,28,0,9.33,6,2,2,0,0,1
Chennai Super Kings vs Gujarat Titans,Gujarat Titans,Josh Little,4,0,41,1,10.25,10,4,3,0,0,1
Chennai Super Kings vs Gujarat Titans,Gujarat Titans,Rashid Khan,4,0,26,2,6.5,10,2,1,0,0,1
Chennai Super Kings vs Gujarat Titans,Gujarat Titans,Alzarri Joseph,4,0,33,2,8.25,8,0,3,0,0,1
Chennai Super Kings vs Gujarat Titans,Gujarat Titans,Yash Dayal,1,0,14,0,14,2,0,2,0,0,1
Chennai Super Kings vs Gujarat Titans,Chennai Super Kings,Deepak Chahar,4,0,29,0,7.25,9,1,2,0,0,1
Chennai Super Kings vs Gujarat Titans,Chennai Super Kings,Tushar Deshpande,3.2,0,51,1,15.3,5,4,4,1,1,1
Chennai Super Kings vs Gujarat Titans,Chennai Super Kings,Rajvardhan Hangargekar,4,0,36,3,9,10,4,1,3,1,1
Chennai Super Kings vs Gujarat Titans,Chennai Super Kings,Mitchell Santner,4,0,32,0,8,7,5,0,0,0,1
Chennai Super Kings vs Gujarat Titans,Chennai Super Kings,Ravindra Jadeja,4,0,28,1,7,9,1,1,0,0,1
Punjab Kings vs Kolkata Knight Riders,Kolkata Knight Riders,Umesh Yadav,4,0,27,1,6.75,11,2,1,0,0,2
Punjab Kings vs Kolkata Knight Riders,Kolkata Knight Riders,Tim Southee,4,0,54,2,13.5,7,6,3,0,0,2
Punjab Kings vs Kolkata Knight Riders,Kolkata Knight Riders,Sunil Narine,4,0,40,1,10,8,3,2,1,0,2
Punjab Kings vs Kolkata Knight Riders,Kolkata Knight Riders,Varun Chakravarthy,4,0,26,1,6.5,10,2,1,1,0,2
Punjab Kings vs Kolkata Knight Riders,Kolkata Knight Riders,Shardul Thakur,4,0,43,0,10.75,7,4,2,0,1,2
Punjab Kings vs Kolkata Knight Riders,Punjab Kings,Sam Curran,3,0,38,1,12.66,4,3,3,0,0,2
Punjab Kings vs Kolkata Knight Riders,Punjab Kings,Arshdeep Singh,3,0,19,3,6.33,10,2,1,0,0,2
Punjab Kings vs Kolkata Knight Riders,Punjab Kings,Nathan Ellis,3,0,27,1,9,8,2,1,0,2,2
Punjab Kings vs Kolkata Knight Riders,Punjab Kings,Sikandar Raza,3,0,25,1,8.33,5,3,0,1,0,2
Punjab Kings vs Kolkata Knight Riders,Punjab Kings,Rishi Dhawan,1,0,15,0,15,2,2,1,0,0,2
Punjab Kings vs Kolkata Knight Riders,Punjab Kings,Rahul Chahar,2,0,12,1,6,5,0,1,0,0,2
Punjab Kings vs Kolkata Knight Riders,Punjab Kings,Harpreet Brar,1,0,7,0,7,3,1,0,0,0,2
Lucknow Super Giants vs Delhi Capitals,Delhi Capitals,Khaleel Ahmed,4,0,30,2,7.5,15,3,2,1,0,3
Lucknow Super Giants vs Delhi Capitals,Delhi Capitals,Mukesh Kumar,4,0,34,0,8.5,5,0,2,1,0,3
Lucknow Super Giants vs Delhi Capitals,Delhi Capitals,Chetan Sakariya,4,0,53,2,13.25,8,1,6,3,0,3
Lucknow Super Giants vs Delhi Capitals,Delhi Capitals,Axar Patel,4,0,38,1,9.5,8,1,3,0,0,3
Lucknow Super Giants vs Delhi Capitals,Delhi Capitals,Kuldeep Yadav,4,0,35,1,8.75,7,0,3,0,0,3
Lucknow Super Giants vs Delhi Capitals,Lucknow Super Giants,Kyle Mayers,1,0,7,0,7,3,1,0,1,0,3
Lucknow Super Giants vs Delhi Capitals,Lucknow Super Giants,Jaydev Unadkat,3,0,39,0,13,3,5,0,2,0,3
Lucknow Super Giants vs Delhi Capitals,Lucknow Super Giants,Krishnappa Gowtham,4,0,23,0,5.75,9,2,0,1,0,3
Lucknow Super Giants vs Delhi Capitals,Lucknow Super Giants,Avesh Khan,4,0,29,2,7.25,12,3,1,0,0,3
Lucknow Super Giants vs Delhi Capitals,Lucknow Super Giants,Mark Wood,4,0,14,5,3.5,17,1,0,1,1,3
Lucknow Super Giants vs Delhi Capitals,Lucknow Super Giants,Ravi Bishnoi,4,0,31,2,7.75,8,3,1,0,0,3
Rajasthan Royals vs Sunrisers Hyderabad,Sunrisers Hyderabad,Bhuvneshwar Kumar,3,0,36,0,12,6,4,2,1,0,4
Rajasthan Royals vs Sunrisers Hyderabad,Sunrisers Hyderabad,Fazalhaq Farooqi,4,0,41,2,10.25,11,7,0,0,0,4
Rajasthan Royals vs Sunrisers Hyderabad,Sunrisers Hyderabad,Washington Sundar,3,0,32,0,10.66,5,1,3,0,0,4
Rajasthan Royals vs Sunrisers Hyderabad,Sunrisers Hyderabad,T Natarajan,3,0,23,2,7.66,7,4,0,0,0,4
Rajasthan Royals vs Sunrisers Hyderabad,Sunrisers Hyderabad,Adil Rashid,4,0,33,0,8.25,6,1,2,0,0,4
Rajasthan Royals vs Sunrisers Hyderabad,Sunrisers Hyderabad,Umran Malik,3,0,32,1,10.66,4,4,1,1,0,4
Rajasthan Royals vs Sunrisers Hyderabad,Rajasthan Royals,Trent Boult,4,1,21,2,5.25,15,2,1,0,0,4
Rajasthan Royals vs Sunrisers Hyderabad,Rajasthan Royals,KM Asif,3,0,15,0,5,9,1,0,1,0,4
Rajasthan Royals vs Sunrisers Hyderabad,Rajasthan Royals,Jason Holder,3,0,16,1,5.33,10,1,1,0,0,4
Rajasthan Royals vs Sunrisers Hyderabad,Rajasthan Royals,Ravichandran Ashwin,4,0,27,1,6.75,10,1,1,2,0,4
Rajasthan Royals vs Sunrisers Hyderabad,Rajasthan Royals,Yuzvendra Chahal,4,0,17,4,4.25,11,0,0,0,0,4
Rajasthan Royals vs Sunrisers Hyderabad,Rajasthan Royals,Navdeep Saini,2,0,34,0,17,3,3,2,0,3,4
Mumbai Indians vs Royal Challengers Bangalore,Royal Challengers Bangalore,Mohammed Siraj,4,0,21,1,5.25,16,2,0,6,0,5
Mumbai Indians vs Royal Challengers Bangalore,Royal Challengers Bangalore,Reece Topley,2,0,14,1,7,7,3,0,0,0,5
Mumbai Indians vs Royal Challengers Bangalore,Royal Challengers Bangalore,Akash Deep,3,0,29,1,9.66,7,2,2,0,0,5
Mumbai Indians vs Royal Challengers Bangalore,Royal Challengers Bangalore,Harshal Patel,4,0,43,1,10.75,6,3,2,1,1,5
Mumbai Indians vs Royal Challengers Bangalore,Royal Challengers Bangalore,Karn Sharma,4,0,32,2,8,7,1,2,1,0,5
Mumbai Indians vs Royal Challengers Bangalore,Royal Challengers Bangalore,Michael Bracewell,2,0,16,1,8,6,3,0,0,0,5
Mumbai Indians vs Royal Challengers Bangalore,Royal Challengers Bangalore,Glenn Maxwell,1,0,16,0,16,0,1,1,1,0,5
Mumbai Indians vs Royal Challengers Bangalore,Mumbai Indians,Jason Behrendorff,3,0,37,0,12.33,6,3,3,0,0,5
Mumbai Indians vs Royal Challengers Bangalore,Mumbai Indians,Arshad Khan,2.2,0,28,1,12,7,2,2,4,0,5
Mumbai Indians vs Royal Challengers Bangalore,Mumbai Indians,Jofra Archer,4,0,33,0,8.25,10,2,2,0,0,5
Mumbai Indians vs Royal Challengers Bangalore,Mumbai Indians,Piyush Chawla,4,0,26,0,6.5,11,2,1,0,0,5
Mumbai Indians vs Royal Challengers Bangalore,Mumbai Indians,Cameron Green,2,0,30,1,15,4,2,3,0,0,5
Mumbai Indians vs Royal Challengers Bangalore,Mumbai Indians,Hrithik Shokeen,1,0,17,0,17,0,0,2,0,0,5
Chennai Super Kings vs Lucknow Super Giants,Lucknow Super Giants,Kyle Mayers,2,0,16,0,8,1,1,0,1,0,6
Chennai Super Kings vs Lucknow Super Giants,Lucknow Super Giants,Avesh Khan,3,0,39,1,13,4,6,0,1,0,6
Chennai Super Kings vs Lucknow Super Giants,Lucknow Super Giants,Krunal Pandya,2,0,21,0,10.5,4,1,2,0,0,6
Chennai Super Kings vs Lucknow Super Giants,Lucknow Super Giants,Krishnappa Gowtham,1,0,20,0,20,2,0,3,0,0,6
Chennai Super Kings vs Lucknow Super Giants,Lucknow Super Giants,Mark Wood,4,0,49,3,12.25,9,3,5,0,0,6
Chennai Super Kings vs Lucknow Super Giants,Lucknow Super Giants,Yash Thakur,4,0,36,0,9,4,3,1,0,1,6
Chennai Super Kings vs Lucknow Super Giants,Lucknow Super Giants,Ravi Bishnoi,4,0,28,3,7,13,1,2,1,0,6
Chennai Super Kings vs Lucknow Super Giants,Chennai Super Kings,Deepak Chahar,4,0,55,0,13.75,6,7,1,5,0,6
Chennai Super Kings vs Lucknow Super Giants,Chennai Super Kings,Ben Stokes,1,0,18,0,18,0,2,1,0,0,6
Chennai Super Kings vs Lucknow Super Giants,Chennai Super Kings,Tushar Deshpande,4,0,45,2,11.25,7,2,2,4,3,6
Chennai Super Kings vs Lucknow Super Giants,Chennai Super Kings,Moeen Ali,4,0,26,4,6.5,10,0,1,1,0,6
Chennai Super Kings vs Lucknow Super Giants,Chennai Super Kings,Mitchell Santner,4,0,21,1,5.25,9,0,1,0,0,6
Chennai Super Kings vs Lucknow Super Giants,Chennai Super Kings,Rajvardhan Hangargekar,2,0,24,0,12,4,2,1,3,0,6
Chennai Super Kings vs Lucknow Super Giants,Chennai Super Kings,Ravindra Jadeja,1,0,14,0,14,2,0,2,0,0,6
Delhi Capitals vs Gujarat Titans,Gujarat Titans,Mohammed Shami,4,0,41,3,10.25,15,5,1,4,0,7
Delhi Capitals vs Gujarat Titans,Gujarat Titans,Josh Little,4,0,27,0,6.75,11,2,1,0,0,7
Delhi Capitals vs Gujarat Titans,Gujarat Titans,Hardik Pandya,3,0,18,0,6,6,2,0,0,0,7
Delhi Capitals vs Gujarat Titans,Gujarat Titans,Alzarri Joseph,4,0,29,2,7.25,13,3,1,1,0,7
Delhi Capitals vs Gujarat Titans,Gujarat Titans,Yash Dayal,1,0,12,0,12,0,0,1,0,0,7
Delhi Capitals vs Gujarat Titans,Gujarat Titans,Rashid Khan,4,0,31,3,7.75,9,2,2,0,0,7
Delhi Capitals vs Gujarat Titans,Delhi Capitals,Khaleel Ahmed,4,0,38,1,9.5,9,5,1,1,0,7
Delhi Capitals vs Gujarat Titans,Delhi Capitals,Mukesh Kumar,4,0,42,0,10.5,8,5,2,1,0,7
Delhi Capitals vs Gujarat Titans,Delhi Capitals,Anrich Nortje,4,0,39,2,9.75,9,3,2,0,2,7
Delhi Capitals vs Gujarat Titans,Delhi Capitals,Mitchell Marsh,3.1,0,24,1,7.57,4,1,0,1,0,7
Delhi Capitals vs Gujarat Titans,Delhi Capitals,Kuldeep Yadav,3,0,18,0,6,5,1,0,1,0,7
Punjab Kings vs Rajasthan Royals,Rajasthan Royals,Trent Boult,4,0,38,0,9.5,8,3,2,1,0,8
Punjab Kings vs Rajasthan Royals,Rajasthan Royals,KM Asif,4,0,54,0,13.5,7,5,3,3,1,8
Punjab Kings vs Rajasthan Royals,Rajasthan Royals,Ravichandran Ashwin,4,0,25,1,6.25,7,2,0,1,0,8
Punjab Kings vs Rajasthan Royals,Rajasthan Royals,Jason Holder,4,0,29,2,7.25,7,2,1,0,0,8
Punjab Kings vs Rajasthan Royals,Rajasthan Royals,Yuzvendra Chahal,4,0,50,1,12.5,5,7,1,1,0,8
Punjab Kings vs Rajasthan Royals,Punjab Kings,Sam Curran,4,0,44,0,11,7,3,3,0,0,8
Punjab Kings vs Rajasthan Royals,Punjab Kings,Arshdeep Singh,4,0,47,2,11.75,10,4,3,3,0,8
Punjab Kings vs Rajasthan Royals,Punjab Kings,Harpreet Brar,2,0,15,0,7.5,5,2,0,0,0,8
Punjab Kings vs Rajasthan Royals,Punjab Kings,Nathan Ellis,4,0,30,4,7.5,11,2,2,0,0,8
Punjab Kings vs Rajasthan Royals,Punjab Kings,Rahul Chahar,4,0,31,0,7.75,5,1,1,0,0,8
Punjab Kings vs Rajasthan Royals,Punjab Kings,Sikandar Raza,2,0,24,0,12,2,1,1,2,0,8
Kolkata Knight Riders vs Royal Challengers Bangalore,Royal Challengers Bangalore,Mohammed Siraj,4,0,44,1,11,13,6,1,3,1,9
Kolkata Knight Riders vs Royal Challengers Bangalore,Royal Challengers Bangalore,David Willey,4,1,16,2,4,15,2,0,1,0,9
Kolkata Knight Riders vs Royal Challengers Bangalore,Royal Challengers Bangalore,Akash Deep,2,0,30,0,15,4,2,2,1,2,9
Kolkata Knight Riders vs Royal Challengers Bangalore,Royal Challengers Bangalore,Michael Bracewell,3,0,34,1,11.33,3,1,3,0,0,9
Kolkata Knight Riders vs Royal Challengers Bangalore,Royal Challengers Bangalore,Shahbaz Ahmed,1,0,6,0,6,3,1,0,0,0,9
Kolkata Knight Riders vs Royal Challengers Bangalore,Royal Challengers Bangalore,Karn Sharma,3,0,26,2,8.66,6,2,1,0,0,9
Kolkata Knight Riders vs Royal Challengers Bangalore,Royal Challengers Bangalore,Harshal Patel,3,0,38,1,12.66,5,4,2,1,0,9
Kolkata Knight Riders vs Royal Challengers Bangalore,Kolkata Knight Riders,Umesh Yadav,2,0,17,0,8.5,5,3,0,0,0,9
Kolkata Knight Riders vs Royal Challengers Bangalore,Kolkata Knight Riders,Tim Southee,2,0,25,0,12.5,5,2,2,0,0,9
Kolkata Knight Riders vs Royal Challengers Bangalore,Kolkata Knight Riders,Sunil Narine,4,0,16,2,4,12,1,0,0,0,9
Kolkata Knight Riders vs Royal Challengers Bangalore,Kolkata Knight Riders,Varun Chakravarthy,3.4,0,15,4,4.09,13,2,0,0,0,9
Kolkata Knight Riders vs Royal Challengers Bangalore,Kolkata Knight Riders,Suyash Sharma,4,0,30,3,7.5,11,2,2,1,0,9
Kolkata Knight Riders vs Royal Challengers Bangalore,Kolkata Knight Riders,Shardul Thakur,2,0,15,1,7.5,4,2,0,0,0,9
Sunrisers Hyderabad vs Lucknow Super Giants,Lucknow Super Giants,Kyle Mayers,1,0,5,0,5,1,0,0,0,0,10
Sunrisers Hyderabad vs Lucknow Super Giants,Lucknow Super Giants,Jaydev Unadkat,3,0,26,0,8.66,9,0,3,1,0,10
Sunrisers Hyderabad vs Lucknow Super Giants,Lucknow Super Giants,Krunal Pandya,4,0,18,3,4.5,15,3,0,0,0,10
Sunrisers Hyderabad vs Lucknow Super Giants,Lucknow Super Giants,Yash Thakur,3,0,23,1,7.66,6,3,0,0,0,10
Sunrisers Hyderabad vs Lucknow Super Giants,Lucknow Super Giants,Ravi Bishnoi,4,0,16,1,4,10,0,0,1,0,10
Sunrisers Hyderabad vs Lucknow Super Giants,Lucknow Super Giants,Deepak Hooda,1,0,8,0,8,1,1,0,0,0,10
Sunrisers Hyderabad vs Lucknow Super Giants,Lucknow Super Giants,Amit Mishra,4,0,23,2,5.75,10,3,0,0,0,10
Sunrisers Hyderabad vs Lucknow Super Giants,Sunrisers Hyderabad,Bhuvneshwar Kumar,2,0,19,1,9.5,7,1,1,1,0,10
Sunrisers Hyderabad vs Lucknow Super Giants,Sunrisers Hyderabad,Washington Sundar,1,0,11,0,11,1,2,0,0,0,10
Sunrisers Hyderabad vs Lucknow Super Giants,Sunrisers Hyderabad,Fazalhaq Farooqi,3,0,13,1,4.33,12,2,0,1,0,10
Sunrisers Hyderabad vs Lucknow Super Giants,Sunrisers Hyderabad,Aiden Markram,2,0,14,0,7,5,2,0,0,0,10
Sunrisers Hyderabad vs Lucknow Super Giants,Sunrisers Hyderabad,Adil Rashid,3,0,23,2,7.66,8,2,1,0,0,10
Sunrisers Hyderabad vs Lucknow Super Giants,Sunrisers Hyderabad,T Natarajan,3,0,23,0,7.66,7,1,1,1,0,10
Sunrisers Hyderabad vs Lucknow Super Giants,Sunrisers Hyderabad,Umran Malik,2,0,22,1,11,7,3,0,2,0,10
Rajasthan Royals vs Delhi Capitals,Delhi Capitals,Khaleel Ahmed,2,0,31,0,15.5,3,6,0,2,0,11
Rajasthan Royals vs Delhi Capitals,Delhi Capitals,Anrich Nortje,4,0,44,0,11,10,6,2,0,0,11
Rajasthan Royals vs Delhi Capitals,Delhi Capitals,Mukesh Kumar,4,0,36,2,9,8,3,2,0,0,11
Rajasthan Royals vs Delhi Capitals,Delhi Capitals,Axar Patel,4,0,38,0,9.5,6,5,1,0,0,11
Rajasthan Royals vs Delhi Capitals,Delhi Capitals,Kuldeep Yadav,4,0,31,1,7.75,8,2,1,0,0,11
Rajasthan Royals vs Delhi Capitals,Delhi Capitals,Rovman Powell,2,0,18,1,9,4,1,1,1,1,11
Rajasthan Royals vs Delhi Capitals,Rajasthan Royals,Trent Boult,4,1,29,3,7.25,11,5,0,0,0,11
Rajasthan Royals vs Delhi Capitals,Rajasthan Royals,Sandeep Sharma,4,0,20,1,5,11,2,0,1,0,11
Rajasthan Royals vs Delhi Capitals,Rajasthan Royals,Ravichandran Ashwin,4,0,25,2,6.25,10,2,0,3,0,11
Rajasthan Royals vs Delhi Capitals,Rajasthan Royals,Jason Holder,3,0,28,0,9.33,4,4,0,1,0,11
Rajasthan Royals vs Delhi Capitals,Rajasthan Royals,Yuzvendra Chahal,4,0,27,3,6.75,8,2,0,2,0,11
Rajasthan Royals vs Delhi Capitals,Rajasthan Royals,Murugan Ashwin,1,0,11,0,11,0,0,0,0,1,11
Mumbai Indians vs Chennai Super Kings,Chennai Super Kings,Deepak Chahar,1,0,10,0,10,2,2,0,0,0,12
Mumbai Indians vs Chennai Super Kings,Chennai Super Kings,Tushar Deshpande,3,0,31,2,10.33,9,2,3,1,0,12
Mumbai Indians vs Chennai Super Kings,Chennai Super Kings,Sisanda Magala,4,0,37,1,9.25,4,5,0,0,0,12
Mumbai Indians vs Chennai Super Kings,Chennai Super Kings,Mitchell Santner,4,0,28,2,7,6,3,0,0,0,12
Mumbai Indians vs Chennai Super Kings,Chennai Super Kings,Ravindra Jadeja,4,0,20,3,5,9,0,1,0,0,12
Mumbai Indians vs Chennai Super Kings,Chennai Super Kings,Dwaine Pretorius,4,0,28,0,7,9,3,0,4,0,12
Mumbai Indians vs Chennai Super Kings,Mumbai Indians,Jason Behrendorff,3,0,24,1,8,9,2,1,1,0,12
Mumbai Indians vs Chennai Super Kings,Mumbai Indians,Arshad Khan,2.1,0,35,0,16.15,2,5,1,3,0,12
Mumbai Indians vs Chennai Super Kings,Mumbai Indians,Cameron Green,3,0,20,0,6.66,6,0,1,1,0,12
Mumbai Indians vs Chennai Super Kings,Mumbai Indians,Piyush Chawla,4,0,33,1,8.25,8,5,0,0,0,12
Mumbai Indians vs Chennai Super Kings,Mumbai Indians,Kumar Kartikeya,4,0,24,1,6,6,0,1,0,0,12
Mumbai Indians vs Chennai Super Kings,Mumbai Indians,Hrithik Shokeen,2,0,19,0,9.5,4,2,1,0,0,12
Gujarat Titans vs Kolkata Knight Riders,Kolkata Knight Riders,Umesh Yadav,3,0,24,0,8,7,4,0,1,0,13
Gujarat Titans vs Kolkata Knight Riders,Kolkata Knight Riders,Shardul Thakur,3,0,40,0,13.33,4,3,3,1,0,13
Gujarat Titans vs Kolkata Knight Riders,Kolkata Knight Riders,Lockie Ferguson,4,0,40,0,10,8,3,2,1,1,13
Gujarat Titans vs Kolkata Knight Riders,Kolkata Knight Riders,Sunil Narine,4,0,33,3,8.25,8,3,1,1,0,13
Gujarat Titans vs Kolkata Knight Riders,Kolkata Knight Riders,Varun Chakravarthy,2,0,27,0,13.5,1,2,1,1,0,13
Gujarat Titans vs Kolkata Knight Riders,Kolkata Knight Riders,Suyash Sharma,4,0,35,1,8.75,6,3,0,1,0,13
Gujarat Titans vs Kolkata Knight Riders,Gujarat Titans,Mohammed Shami,4,0,28,1,7,10,2,1,0,0,13
Gujarat Titans vs Kolkata Knight Riders,Gujarat Titans,Josh Little,4,0,45,1,11.25,9,4,3,3,0,13
Gujarat Titans vs Kolkata Knight Riders,Gujarat Titans,Alzarri Joseph,4,0,27,2,6.75,14,2,2,0,0,13
Gujarat Titans vs Kolkata Knight Riders,Gujarat Titans,Yash Dayal,4,0,69,0,17.25,4,3,8,0,0,13
Gujarat Titans vs Kolkata Knight Riders,Gujarat Titans,Rashid Khan,4,0,37,3,9.25,6,4,1,0,0,13
Punjab Kings vs Sunrisers Hyderabad,Sunrisers Hyderabad,Bhuvneshwar Kumar,4,0,33,1,8.25,13,6,0,3,0,14
Punjab Kings vs Sunrisers Hyderabad,Sunrisers Hyderabad,Marco Jansen,3,1,16,2,5.33,14,2,1,1,0,14
Punjab Kings vs Sunrisers Hyderabad,Sunrisers Hyderabad,T Natarajan,4,0,40,0,10,10,3,3,0,0,14
Punjab Kings vs Sunrisers Hyderabad,Sunrisers Hyderabad,Washington Sundar,1,0,6,0,6,3,1,0,0,0,14
Punjab Kings vs Sunrisers Hyderabad,Sunrisers Hyderabad,Mayank Markande,4,0,15,4,3.75,15,2,0,0,0,14
Punjab Kings vs Sunrisers Hyderabad,Sunrisers Hyderabad,Umran Malik,4,0,32,2,8,14,3,2,1,0,14
Punjab Kings vs Sunrisers Hyderabad,Punjab Kings,Sam Curran,3,0,14,0,4.66,8,1,0,0,0,14
Punjab Kings vs Sunrisers Hyderabad,Punjab Kings,Arshdeep Singh,3,0,20,1,6.66,10,4,0,0,0,14
Punjab Kings vs Sunrisers Hyderabad,Punjab Kings,Harpreet Brar,3.1,0,26,0,8.21,8,5,0,0,0,14
Punjab Kings vs Sunrisers Hyderabad,Punjab Kings,Nathan Ellis,3,0,28,0,9.33,5,5,0,0,0,14
Punjab Kings vs Sunrisers Hyderabad,Punjab Kings,Rahul Chahar,3,0,28,1,9.33,8,4,1,0,0,14
Punjab Kings vs Sunrisers Hyderabad,Punjab Kings,Mohit Rathee,2,0,29,0,14.5,3,3,2,0,0,14
Royal Challengers Bangalore vs Lucknow Super Giants,Lucknow Super Giants,Jaydev Unadkat,2,0,27,0,13.5,3,2,2,1,0,15
Royal Challengers Bangalore vs Lucknow Super Giants,Lucknow Super Giants,Avesh Khan,4,0,53,0,13.25,8,5,4,0,0,15
Royal Challengers Bangalore vs Lucknow Super Giants,Lucknow Super Giants,Krunal Pandya,4,0,35,0,8.75,5,2,2,0,0,15
Royal Challengers Bangalore vs Lucknow Super Giants,Lucknow Super Giants,Mark Wood,4,1,32,1,8,12,1,3,2,0,15
Royal Challengers Bangalore vs Lucknow Super Giants,Lucknow Super Giants,Ravi Bishnoi,4,0,39,0,9.75,5,1,3,1,0,15
Royal Challengers Bangalore vs Lucknow Super Giants,Lucknow Super Giants,Amit Mishra,2,0,18,1,9,2,1,1,0,0,15
Royal Challengers Bangalore vs Lucknow Super Giants,Royal Challengers Bangalore,Mohammed Siraj,4,0,22,3,5.5,16,3,0,4,0,15
Royal Challengers Bangalore vs Lucknow Super Giants,Royal Challengers Bangalore,David Willey,4,0,32,0,8,6,2,1,1,0,15
Royal Challengers Bangalore vs Lucknow Super Giants,Royal Challengers Bangalore,Wayne Parnell,4,0,41,3,10.25,6,5,1,3,0,15
Royal Challengers Bangalore vs Lucknow Super Giants,Royal Challengers Bangalore,Harshal Patel,4,0,48,2,12,5,4,3,0,0,15
Royal Challengers Bangalore vs Lucknow Super Giants,Royal Challengers Bangalore,Karn Sharma,3,0,48,1,16,5,3,5,1,0,15
Royal Challengers Bangalore vs Lucknow Super Giants,Royal Challengers Bangalore,Shahbaz Ahmed,1,0,15,0,15,1,0,2,0,0,15
Delhi Capitals vs Mumbai Indians,Mumbai Indians,Jason Behrendorff,3,0,23,3,7.66,8,1,2,0,0,16
Delhi Capitals vs Mumbai Indians,Mumbai Indians,Arshad Khan,1,0,12,0,12,1,2,0,1,0,16
Delhi Capitals vs Mumbai Indians,Mumbai Indians,Cameron Green,3,0,30,0,10,4,5,0,1,0,16
Delhi Capitals vs Mumbai Indians,Mumbai Indians,Hrithik Shokeen,4,0,43,1,10.75,10,4,2,1,1,16
Delhi Capitals vs Mumbai Indians,Mumbai Indians,Riley Meredith,3.4,0,34,2,9.27,10,5,1,0,1,16
Delhi Capitals vs Mumbai Indians,Mumbai Indians,Piyush Chawla,4,0,22,3,5.5,9,2,0,0,0,16
Delhi Capitals vs Mumbai Indians,Mumbai Indians,Tilak Varma,1,0,7,0,7,3,1,0,1,0,16
Delhi Capitals vs Mumbai Indians,Delhi Capitals,Mukesh Kumar,2,0,30,2,15,6,3,3,0,0,16
Delhi Capitals vs Mumbai Indians,Delhi Capitals,Mustafizur Rahman,4,0,38,1,9.5,11,5,2,0,0,16
Delhi Capitals vs Mumbai Indians,Delhi Capitals,Anrich Nortje,4,0,35,0,8.75,8,2,2,0,0,16
Delhi Capitals vs Mumbai Indians,Delhi Capitals,Lalit Yadav,4,0,23,0,5.75,10,1,1,1,0,16
Delhi Capitals vs Mumbai Indians,Delhi Capitals,Axar Patel,4,0,20,0,5,12,2,0,1,0,16
Delhi Capitals vs Mumbai Indians,Delhi Capitals,Kuldeep Yadav,2,0,23,0,11.5,2,1,2,0,0,16
Rajasthan Royals vs Chennai Super Kings,Chennai Super Kings,Akash Singh,4,0,40,2,10,7,2,3,1,0,17
Rajasthan Royals vs Chennai Super Kings,Chennai Super Kings,Tushar Deshpande,4,0,37,2,9.25,7,4,1,1,0,17
Rajasthan Royals vs Chennai Super Kings,Chennai Super Kings,Maheesh Theekshana,4,0,42,0,10.5,4,5,1,0,0,17
Rajasthan Royals vs Chennai Super Kings,Chennai Super Kings,Ravindra Jadeja,4,0,21,2,5.25,11,0,0,3,0,17
Rajasthan Royals vs Chennai Super Kings,Chennai Super Kings,Moeen Ali,2,0,21,1,10.5,3,0,2,0,0,17
Rajasthan Royals vs Chennai Super Kings,Chennai Super Kings,Sisanda Magala,2,0,14,0,7,2,0,0,1,0,17
Rajasthan Royals vs Chennai Super Kings,Rajasthan Royals,Sandeep Sharma,3,0,30,1,10,6,1,2,2,0,17
Rajasthan Royals vs Chennai Super Kings,Rajasthan Royals,Kuldeep Sen,2,0,8,0,4,4,0,0,0,0,17
Rajasthan Royals vs Chennai Super Kings,Rajasthan Royals,Jason Holder,3,0,37,0,12.33,4,4,2,1,0,17
Rajasthan Royals vs Chennai Super Kings,Rajasthan Royals,Adam Zampa,4,0,43,1,10.75,5,4,1,1,0,17
Rajasthan Royals vs Chennai Super Kings,Rajasthan Royals,Ravichandran Ashwin,4,0,25,2,6.25,10,1,1,2,0,17
Rajasthan Royals vs Chennai Super Kings,Rajasthan Royals,Yuzvendra Chahal,4,0,27,2,6.75,8,2,0,1,0,17
Punjab Kings vs Gujarat Titans,Gujarat Titans,Mohammed Shami,4,0,44,1,11,9,7,1,1,0,18
Punjab Kings vs Gujarat Titans,Gujarat Titans,Josh Little,4,0,31,1,7.75,11,3,1,3,0,18
Punjab Kings vs Gujarat Titans,Gujarat Titans,Alzarri Joseph,4,0,32,1,8,11,1,2,5,0,18
Punjab Kings vs Gujarat Titans,Gujarat Titans,Rashid Khan,4,0,26,1,6.5,13,3,1,0,0,18
Punjab Kings vs Gujarat Titans,Gujarat Titans,Mohit Sharma,4,0,18,2,4.5,12,2,0,0,0,18
Punjab Kings vs Gujarat Titans,Punjab Kings,Arshdeep Singh,4,0,33,1,8.25,8,5,0,0,0,18
Punjab Kings vs Gujarat Titans,Punjab Kings,Kagiso Rabada,4,0,36,1,9,11,5,1,0,0,18
Punjab Kings vs Gujarat Titans,Punjab Kings,Harpreet Brar,4,0,20,1,5,8,1,0,0,0,18
Punjab Kings vs Gujarat Titans,Punjab Kings,Sam Curran,3.5,0,25,1,6.52,7,2,0,0,0,18
Punjab Kings vs Gujarat Titans,Punjab Kings,Rahul Chahar,3,0,24,0,8,4,3,0,0,0,18
Punjab Kings vs Gujarat Titans,Punjab Kings,Matthew Short,1,0,8,0,8,1,1,0,0,0,18
Sunrisers Hyderabad vs Kolkata Knight Riders,Kolkata Knight Riders,Umesh Yadav,3,0,42,0,14,3,3,3,1,0,19
Sunrisers Hyderabad vs Kolkata Knight Riders,Kolkata Knight Riders,Lockie Ferguson,2,0,37,0,18.5,4,5,1,1,1,19
Sunrisers Hyderabad vs Kolkata Knight Riders,Kolkata Knight Riders,Sunil Narine,4,0,28,0,7,7,1,1,2,0,19
Sunrisers Hyderabad vs Kolkata Knight Riders,Kolkata Knight Riders,Andre Russell,2.1,0,22,3,10.15,4,2,1,2,0,19
Sunrisers Hyderabad vs Kolkata Knight Riders,Kolkata Knight Riders,Varun Chakravarthy,4,0,41,1,10.25,4,3,2,1,0,19
Sunrisers Hyderabad vs Kolkata Knight Riders,Kolkata Knight Riders,Suyash Sharma,4,0,44,0,11,8,4,3,0,0,19
Sunrisers Hyderabad vs Kolkata Knight Riders,Kolkata Knight Riders,Shardul Thakur,0.5,0,14,0,16.8,0,3,0,0,0,19
Sunrisers Hyderabad vs Kolkata Knight Riders,Sunrisers Hyderabad,Bhuvneshwar Kumar,4,1,29,1,7.25,10,4,0,1,0,19
Sunrisers Hyderabad vs Kolkata Knight Riders,Sunrisers Hyderabad,Marco Jansen,4,0,37,2,9.25,12,1,3,4,2,19
Sunrisers Hyderabad vs Kolkata Knight Riders,Sunrisers Hyderabad,T Natarajan,4,0,54,1,13.5,6,6,3,1,0,19
Sunrisers Hyderabad vs Kolkata Knight Riders,Sunrisers Hyderabad,Umran Malik,2,0,36,1,18,3,4,3,0,0,19
Sunrisers Hyderabad vs Kolkata Knight Riders,Sunrisers Hyderabad,Mayank Markande,4,0,27,2,6.75,10,2,1,0,0,19
Sunrisers Hyderabad vs Kolkata Knight Riders,Sunrisers Hyderabad,Washington Sundar,2,0,20,0,10,2,1,1,0,0,19
Royal Challengers Bangalore vs Delhi Capitals,Delhi Capitals,Anrich Nortje,4,0,31,0,7.75,9,3,0,2,1,20
Royal Challengers Bangalore vs Delhi Capitals,Delhi Capitals,Axar Patel,3,0,25,1,8.33,9,0,3,0,0,20
Royal Challengers Bangalore vs Delhi Capitals,Delhi Capitals,Mustafizur Rahman,3,0,41,0,13.66,2,5,2,0,0,20
Royal Challengers Bangalore vs Delhi Capitals,Delhi Capitals,Mitchell Marsh,2,0,18,2,9,5,2,1,0,0,20
Royal Challengers Bangalore vs Delhi Capitals,Delhi Capitals,Lalit Yadav,4,0,29,1,7.25,7,0,2,1,0,20
Royal Challengers Bangalore vs Delhi Capitals,Delhi Capitals,Kuldeep Yadav,4,1,23,2,5.75,10,3,0,0,0,20
Royal Challengers Bangalore vs Delhi Capitals,Royal Challengers Bangalore,Mohammed Siraj,4,0,23,2,5.75,14,4,0,0,0,20
Royal Challengers Bangalore vs Delhi Capitals,Royal Challengers Bangalore,Wayne Parnell,4,0,28,1,7,10,3,1,0,0,20
Royal Challengers Bangalore vs Delhi Capitals,Royal Challengers Bangalore,Vijaykumar Vyshak,4,0,20,3,5,11,2,0,0,0,20
Royal Challengers Bangalore vs Delhi Capitals,Royal Challengers Bangalore,Shahbaz Ahmed,1,0,11,0,11,0,1,0,0,0,20
Royal Challengers Bangalore vs Delhi Capitals,Royal Challengers Bangalore,Wanindu Hasaranga,3,0,37,1,12.33,4,5,1,0,0,20
Royal Challengers Bangalore vs Delhi Capitals,Royal Challengers Bangalore,Harshal Patel,4,0,32,1,8,7,3,0,3,0,20
Lucknow Super Giants vs Punjab Kings,Punjab Kings,Matthew Short,2,0,10,0,5,7,0,1,0,0,21
Lucknow Super Giants vs Punjab Kings,Punjab Kings,Arshdeep Singh,3,0,22,1,7.33,7,3,0,1,0,21
Lucknow Super Giants vs Punjab Kings,Punjab Kings,Kagiso Rabada,4,0,34,2,8.5,11,2,2,2,0,21
Lucknow Super Giants vs Punjab Kings,Punjab Kings,Sam Curran,4,0,31,3,7.75,9,2,1,2,0,21
Lucknow Super Giants vs Punjab Kings,Punjab Kings,Harpreet Brar,2,0,10,1,5,6,1,0,0,0,21
Lucknow Super Giants vs Punjab Kings,Punjab Kings,Sikandar Raza,2,0,19,1,9.5,2,2,0,0,1,21
Lucknow Super Giants vs Punjab Kings,Punjab Kings,Rahul Chahar,3,0,28,0,9.33,5,1,2,1,0,21
Lucknow Super Giants vs Punjab Kings,Lucknow Super Giants,Yudhvir Singh,3,0,19,2,6.33,11,4,0,0,0,21
Lucknow Super Giants vs Punjab Kings,Lucknow Super Giants,Avesh Khan,3,0,24,0,8,8,4,0,1,0,21
Lucknow Super Giants vs Punjab Kings,Lucknow Super Giants,Mark Wood,4,0,35,2,8.75,10,2,2,2,0,21
Lucknow Super Giants vs Punjab Kings,Lucknow Super Giants,Krishnappa Gowtham,4,0,31,1,7.75,10,1,2,1,0,21
Lucknow Super Giants vs Punjab Kings,Lucknow Super Giants,Krunal Pandya,3,0,32,1,10.66,6,3,2,0,0,21
Lucknow Super Giants vs Punjab Kings,Lucknow Super Giants,Ravi Bishnoi,2.3,0,18,2,7.2,7,2,0,1,0,21
Kolkata Knight Riders vs Mumbai Indians,Mumbai Indians,Arjun Tendulkar,2,0,17,0,8.5,6,1,1,1,0,22
Kolkata Knight Riders vs Mumbai Indians,Mumbai Indians,Cameron Green,2,0,20,1,10,6,1,1,2,0,22
Kolkata Knight Riders vs Mumbai Indians,Mumbai Indians,Duan Jansen,4,0,53,1,13.25,6,3,4,4,0,22
Kolkata Knight Riders vs Mumbai Indians,Mumbai Indians,Piyush Chawla,4,0,19,1,4.75,10,1,0,0,0,22
Kolkata Knight Riders vs Mumbai Indians,Mumbai Indians,Hrithik Shokeen,4,0,34,2,8.5,7,3,1,1,0,22
Kolkata Knight Riders vs Mumbai Indians,Mumbai Indians,Riley Meredith,4,0,40,1,10,9,3,3,0,0,22
Kolkata Knight Riders vs Mumbai Indians,Kolkata Knight Riders,Umesh Yadav,2,0,19,0,9.5,6,1,2,0,0,22
Kolkata Knight Riders vs Mumbai Indians,Kolkata Knight Riders,Shardul Thakur,2,0,25,1,12.5,2,3,1,1,0,22
Kolkata Knight Riders vs Mumbai Indians,Kolkata Knight Riders,Sunil Narine,3,0,41,0,13.66,4,3,3,1,0,22
Kolkata Knight Riders vs Mumbai Indians,Kolkata Knight Riders,Suyash Sharma,4,0,27,2,6.75,11,3,1,0,0,22
Kolkata Knight Riders vs Mumbai Indians,Kolkata Knight Riders,Varun Chakravarthy,4,0,38,1,9.5,10,2,3,1,0,22
Kolkata Knight Riders vs Mumbai Indians,Kolkata Knight Riders,Lockie Ferguson,1.4,0,19,1,11.4,4,1,2,0,0,22
Kolkata Knight Riders vs Mumbai Indians,Kolkata Knight Riders,Andre Russell,1,0,17,0,17,1,2,1,0,0,22
Gujarat Titans vs Rajasthan Royals,Rajasthan Royals,Trent Boult,4,0,46,1,11.5,6,4,2,2,0,23
Gujarat Titans vs Rajasthan Royals,Rajasthan Royals,Sandeep Sharma,4,0,25,2,6.25,10,3,0,1,0,23
Gujarat Titans vs Rajasthan Royals,Rajasthan Royals,Adam Zampa,4,0,32,1,8,9,2,2,0,0,23
Gujarat Titans vs Rajasthan Royals,Rajasthan Royals,Ravichandran Ashwin,4,0,37,0,9.25,5,4,1,0,0,23
Gujarat Titans vs Rajasthan Royals,Rajasthan Royals,Yuzvendra Chahal,4,0,36,1,9,3,0,2,1,0,23
Gujarat Titans vs Rajasthan Royals,Gujarat Titans,Mohammed Shami,4,1,25,3,6.25,18,1,3,1,0,23
Gujarat Titans vs Rajasthan Royals,Gujarat Titans,Hardik Pandya,4,0,24,1,6,14,3,1,0,0,23
Gujarat Titans vs Rajasthan Royals,Gujarat Titans,Alzarri Joseph,3,0,47,0,15.66,2,3,4,0,0,23
Gujarat Titans vs Rajasthan Royals,Gujarat Titans,Rashid Khan,4,0,46,2,11.5,7,1,5,0,0,23
Gujarat Titans vs Rajasthan Royals,Gujarat Titans,Mohit Sharma,2,0,7,0,3.5,5,0,0,0,0,23
Gujarat Titans vs Rajasthan Royals,Gujarat Titans,Noor Ahmad,2.2,0,29,1,12.42,3,2,2,1,0,23
Chennai Super Kings vs Royal Challengers Bangalore,Royal Challengers Bangalore,Mohammed Siraj,4,0,30,1,7.5,10,1,2,1,0,24
Chennai Super Kings vs Royal Challengers Bangalore,Royal Challengers Bangalore,Wayne Parnell,4,0,48,1,12,7,3,4,0,0,24
Chennai Super Kings vs Royal Challengers Bangalore,Royal Challengers Bangalore,Vijaykumar Vyshak,4,0,62,1,15.5,3,5,5,0,0,24
Chennai Super Kings vs Royal Challengers Bangalore,Royal Challengers Bangalore,Glenn Maxwell,2.4,0,28,1,10.5,4,0,3,1,0,24
Chennai Super Kings vs Royal Challengers Bangalore,Royal Challengers Bangalore,Wanindu Hasaranga,2,0,21,1,10.5,1,1,1,0,0,24
Chennai Super Kings vs Royal Challengers Bangalore,Royal Challengers Bangalore,Harshal Patel,3.2,0,36,1,10.8,8,2,2,2,2,24
Chennai Super Kings vs Royal Challengers Bangalore,Chennai Super Kings,Akash Singh,3,0,35,1,11.66,9,3,3,0,0,24
Chennai Super Kings vs Royal Challengers Bangalore,Chennai Super Kings,Tushar Deshpande,4,0,45,3,11.25,9,5,2,3,0,24
Chennai Super Kings vs Royal Challengers Bangalore,Chennai Super Kings,Maheesh Theekshana,4,0,41,1,10.25,4,1,3,1,0,24
Chennai Super Kings vs Royal Challengers Bangalore,Chennai Super Kings,Ravindra Jadeja,4,0,37,0,9.25,3,0,3,0,0,24
Chennai Super Kings vs Royal Challengers Bangalore,Chennai Super Kings,Matheesha Pathirana,4,0,42,2,10.5,9,3,3,2,0,24
Chennai Super Kings vs Royal Challengers Bangalore,Chennai Super Kings,Moeen Ali,1,0,13,1,13,3,0,2,0,0,24
Mumbai Indians vs Sunrisers Hyderabad,Sunrisers Hyderabad,Bhuvneshwar Kumar,4,0,31,1,7.75,8,1,2,0,0,25
Mumbai Indians vs Sunrisers Hyderabad,Sunrisers Hyderabad,Marco Jansen,4,0,43,2,10.75,11,3,4,1,0,25
Mumbai Indians vs Sunrisers Hyderabad,Sunrisers Hyderabad,Washington Sundar,4,0,33,0,8.25,10,4,1,0,0,25
Mumbai Indians vs Sunrisers Hyderabad,Sunrisers Hyderabad,T Natarajan,4,0,50,1,12.5,3,7,1,0,0,25
Mumbai Indians vs Sunrisers Hyderabad,Sunrisers Hyderabad,Mayank Markande,4,0,35,0,8.75,9,4,1,1,0,25
Mumbai Indians vs Sunrisers Hyderabad,Mumbai Indians,Arjun Tendulkar,2.5,0,18,1,6.35,9,2,0,3,0,25
Mumbai Indians vs Sunrisers Hyderabad,Mumbai Indians,Jason Behrendorff,4,0,37,2,9.25,7,5,0,1,0,25
Mumbai Indians vs Sunrisers Hyderabad,Mumbai Indians,Riley Meredith,4,0,33,2,8.25,10,3,1,3,0,25
Mumbai Indians vs Sunrisers Hyderabad,Mumbai Indians,Hrithik Shokeen,1,0,12,0,12,1,0,1,0,0,25
Mumbai Indians vs Sunrisers Hyderabad,Mumbai Indians,Piyush Chawla,4,0,43,2,10.75,5,4,2,0,0,25
Mumbai Indians vs Sunrisers Hyderabad,Mumbai Indians,Cameron Green,4,0,29,1,7.25,9,4,0,1,0,25
Lucknow Super Giants vs Rajasthan Royals,Rajasthan Royals,Trent Boult,4,1,16,1,4,18,1,1,0,0,26
Lucknow Super Giants vs Rajasthan Royals,Rajasthan Royals,Sandeep Sharma,4,0,32,1,8,8,4,0,0,1,26
Lucknow Super Giants vs Rajasthan Royals,Rajasthan Royals,Ravichandran Ashwin,4,0,23,2,5.75,9,2,0,1,0,26
Lucknow Super Giants vs Rajasthan Royals,Rajasthan Royals,Yuzvendra Chahal,4,0,41,0,10.25,5,3,2,0,0,26
Lucknow Super Giants vs Rajasthan Royals,Rajasthan Royals,Jason Holder,4,0,38,1,9.5,7,3,2,0,0,26
Lucknow Super Giants vs Rajasthan Royals,Lucknow Super Giants,Naveen-ul-Haq,4,0,19,0,4.75,11,0,1,1,0,26
Lucknow Super Giants vs Rajasthan Royals,Lucknow Super Giants,Yudhvir Singh,2,0,27,0,13.5,6,2,2,1,0,26
Lucknow Super Giants vs Rajasthan Royals,Lucknow Super Giants,Avesh Khan,4,0,25,3,6.25,12,4,0,0,0,26
Lucknow Super Giants vs Rajasthan Royals,Lucknow Super Giants,Marcus Stoinis,4,0,28,2,7,11,3,1,0,0,26
Lucknow Super Giants vs Rajasthan Royals,Lucknow Super Giants,Ravi Bishnoi,4,0,25,0,6.25,8,2,0,0,1,26
Lucknow Super Giants vs Rajasthan Royals,Lucknow Super Giants,Amit Mishra,2,0,15,0,7.5,3,2,0,0,0,26
Royal Challengers Bangalore vs Punjab Kings,Punjab Kings,Arshdeep Singh,4,0,34,1,8.5,8,5,0,1,0,27
Royal Challengers Bangalore vs Punjab Kings,Punjab Kings,Harpreet Brar,3,0,31,2,10.33,7,1,3,0,0,27
Royal Challengers Bangalore vs Punjab Kings,Punjab Kings,Nathan Ellis,4,0,41,1,10.25,8,2,3,1,0,27
Royal Challengers Bangalore vs Punjab Kings,Punjab Kings,Sam Curran,4,0,27,0,6.75,6,1,0,0,1,27
Royal Challengers Bangalore vs Punjab Kings,Punjab Kings,Rahul Chahar,4,0,24,0,6,7,2,0,0,0,27
Royal Challengers Bangalore vs Punjab Kings,Punjab Kings,Liam Livingstone,1,0,9,0,9,0,1,0,0,0,27
Royal Challengers Bangalore vs Punjab Kings,Royal Challengers Bangalore,Mohammed Siraj,4,0,21,4,5.25,13,3,0,0,0,27
Royal Challengers Bangalore vs Punjab Kings,Royal Challengers Bangalore,Wayne Parnell,3,0,32,1,10.66,9,1,4,0,0,27
Royal Challengers Bangalore vs Punjab Kings,Royal Challengers Bangalore,Wanindu Hasaranga,4,0,39,2,9.75,7,2,3,0,0,27
Royal Challengers Bangalore vs Punjab Kings,Royal Challengers Bangalore,Vijaykumar Vyshak,3,0,29,0,9.66,6,2,2,1,0,27
Royal Challengers Bangalore vs Punjab Kings,Royal Challengers Bangalore,Glenn Maxwell,1,0,5,0,5,1,0,0,0,0,27
Royal Challengers Bangalore vs Punjab Kings,Royal Challengers Bangalore,Harshal Patel,3.2,0,22,1,6.6,10,1,1,1,1,27
Kolkata Knight Riders vs Delhi Capitals,Delhi Capitals,Ishant Sharma,4,0,19,2,4.75,13,2,0,1,0,28
Kolkata Knight Riders vs Delhi Capitals,Delhi Capitals,Mukesh Kumar,4,0,34,1,8.5,15,2,3,4,0,28
Kolkata Knight Riders vs Delhi Capitals,Delhi Capitals,Anrich Nortje,4,0,20,2,5,16,3,0,2,0,28
Kolkata Knight Riders vs Delhi Capitals,Delhi Capitals,Axar Patel,3,0,13,2,4.33,12,2,0,0,0,28
Kolkata Knight Riders vs Delhi Capitals,Delhi Capitals,Mitchell Marsh,2,0,25,0,12.5,2,1,2,2,0,28
Kolkata Knight Riders vs Delhi Capitals,Delhi Capitals,Kuldeep Yadav,3,0,15,2,5,9,0,1,1,0,28
Kolkata Knight Riders vs Delhi Capitals,Kolkata Knight Riders,Umesh Yadav,1,0,6,0,6,3,1,0,0,0,28
Kolkata Knight Riders vs Delhi Capitals,Kolkata Knight Riders,Kulwant Khejroliya,1.2,0,20,0,15,2,3,0,0,1,28
Kolkata Knight Riders vs Delhi Capitals,Kolkata Knight Riders,Andre Russell,1,0,12,0,12,3,2,0,0,1,28
Kolkata Knight Riders vs Delhi Capitals,Kolkata Knight Riders,Sunil Narine,4,0,36,0,9,7,6,0,1,0,28
Kolkata Knight Riders vs Delhi Capitals,Kolkata Knight Riders,Varun Chakravarthy,4,1,16,2,4,14,2,0,0,0,28
Kolkata Knight Riders vs Delhi Capitals,Kolkata Knight Riders,Anukul Roy,4,0,19,2,4.75,13,2,0,2,0,28
Kolkata Knight Riders vs Delhi Capitals,Kolkata Knight Riders,Nitish Rana,4,0,17,2,4.25,10,1,0,0,0,28
Sunrisers Hyderabad vs Chennai Super Kings,Chennai Super Kings,Akash Singh,3,0,17,1,5.66,10,1,1,0,0,29
Sunrisers Hyderabad vs Chennai Super Kings,Chennai Super Kings,Tushar Deshpande,3,0,26,0,8.66,7,4,0,1,0,29
Sunrisers Hyderabad vs Chennai Super Kings,Chennai Super Kings,Maheesh Theekshana,4,0,27,1,6.75,5,2,0,0,0,29
Sunrisers Hyderabad vs Chennai Super Kings,Chennai Super Kings,Moeen Ali,2,0,18,0,9,2,1,1,0,0,29
Sunrisers Hyderabad vs Chennai Super Kings,Chennai Super Kings,Ravindra Jadeja,4,0,22,3,5.5,8,1,0,0,0,29
Sunrisers Hyderabad vs Chennai Super Kings,Chennai Super Kings,Matheesha Pathirana,4,0,22,1,5.5,9,2,0,1,0,29
Sunrisers Hyderabad vs Chennai Super Kings,Sunrisers Hyderabad,Bhuvneshwar Kumar,2,0,10,0,5,7,1,0,0,0,29
Sunrisers Hyderabad vs Chennai Super Kings,Sunrisers Hyderabad,Marco Jansen,3,0,37,0,12.33,5,6,1,0,0,29
Sunrisers Hyderabad vs Chennai Super Kings,Sunrisers Hyderabad,Aiden Markram,1,0,11,0,11,2,2,0,0,0,29
Sunrisers Hyderabad vs Chennai Super Kings,Sunrisers Hyderabad,Washington Sundar,2.4,0,16,0,6,4,1,0,0,0,29
Sunrisers Hyderabad vs Chennai Super Kings,Sunrisers Hyderabad,Mayank Markande,4,0,23,2,5.75,8,2,0,0,0,29
Sunrisers Hyderabad vs Chennai Super Kings,Sunrisers Hyderabad,Umran Malik,3,0,18,0,6,8,2,0,0,0,29
Sunrisers Hyderabad vs Chennai Super Kings,Sunrisers Hyderabad,Mayank Dagar,3,0,21,0,7,5,2,0,0,0,29
Gujarat Titans vs Lucknow Super Giants,Lucknow Super Giants,Naveen-ul-Haq,4,0,19,1,4.75,12,1,0,0,0,30
Gujarat Titans vs Lucknow Super Giants,Lucknow Super Giants,Krunal Pandya,4,0,16,2,4,13,1,0,0,0,30
Gujarat Titans vs Lucknow Super Giants,Lucknow Super Giants,Avesh Khan,3,0,21,0,7,6,2,0,0,0,30
Gujarat Titans vs Lucknow Super Giants,Lucknow Super Giants,Ravi Bishnoi,4,0,49,0,12.25,4,4,3,0,0,30
Gujarat Titans vs Lucknow Super Giants,Lucknow Super Giants,Marcus Stoinis,3,0,20,2,6.66,7,1,1,0,0,30
Gujarat Titans vs Lucknow Super Giants,Lucknow Super Giants,Amit Mishra,2,0,9,1,4.5,4,0,0,0,0,30
Gujarat Titans vs Lucknow Super Giants,Gujarat Titans,Mohammed Shami,3,1,18,0,6,9,3,0,0,0,30
Gujarat Titans vs Lucknow Super Giants,Gujarat Titans,Jayant Yadav,4,0,26,0,6.5,8,2,0,0,0,30
Gujarat Titans vs Lucknow Super Giants,Gujarat Titans,Rashid Khan,4,0,33,1,8.25,9,4,1,0,0,30
Gujarat Titans vs Lucknow Super Giants,Gujarat Titans,Mohit Sharma,3,0,17,2,5.66,5,1,0,0,0,30
Gujarat Titans vs Lucknow Super Giants,Gujarat Titans,Noor Ahmad,4,0,18,2,4.5,13,1,0,0,0,30
Gujarat Titans vs Lucknow Super Giants,Gujarat Titans,Hardik Pandya,1,0,7,0,7,2,1,0,0,0,30
Gujarat Titans vs Lucknow Super Giants,Gujarat Titans,Rahul Tewatia,1,0,8,0,8,4,0,1,1,0,30
Punjab Kings vs Mumbai Indians,Mumbai Indians,Arjun Tendulkar,3,0,48,1,16,4,6,2,4,1,31
Punjab Kings vs Mumbai Indians,Mumbai Indians,Jason Behrendorff,3,0,41,1,13.66,6,2,4,1,0,31
Punjab Kings vs Mumbai Indians,Mumbai Indians,Cameron Green,4,0,41,2,10.25,9,2,4,0,0,31
Punjab Kings vs Mumbai Indians,Mumbai Indians,Jofra Archer,4,0,42,1,10.5,8,3,3,1,0,31
Punjab Kings vs Mumbai Indians,Mumbai Indians,Piyush Chawla,3,0,15,2,5,12,2,0,1,0,31
Punjab Kings vs Mumbai Indians,Mumbai Indians,Hrithik Shokeen,3,0,24,0,8,7,1,1,0,1,31
Punjab Kings vs Mumbai Indians,Punjab Kings,Matthew Short,1,0,7,0,7,3,1,0,1,0,31
Punjab Kings vs Mumbai Indians,Punjab Kings,Arshdeep Singh,4,0,29,4,7.25,12,2,2,1,0,31
Punjab Kings vs Mumbai Indians,Punjab Kings,Harpreet Brar,2,0,15,0,7.5,5,1,1,0,0,31
Punjab Kings vs Mumbai Indians,Punjab Kings,Sam Curran,3,0,41,0,13.66,2,3,3,1,0,31
Punjab Kings vs Mumbai Indians,Punjab Kings,Nathan Ellis,4,0,44,1,11,5,2,3,0,0,31
Punjab Kings vs Mumbai Indians,Punjab Kings,Rahul Chahar,4,0,42,0,10.5,4,4,2,0,0,31
Punjab Kings vs Mumbai Indians,Punjab Kings,Liam Livingstone,2,0,23,1,11.5,2,4,0,0,0,31
Royal Challengers Bangalore vs Rajasthan Royals,Rajasthan Royals,Trent Boult,4,0,41,2,10.25,8,6,0,1,0,32
Royal Challengers Bangalore vs Rajasthan Royals,Rajasthan Royals,Sandeep Sharma,4,0,49,2,12.25,9,7,2,1,0,32
Royal Challengers Bangalore vs Rajasthan Royals,Rajasthan Royals,Ravichandran Ashwin,4,0,36,1,9,7,2,2,1,0,32
Royal Challengers Bangalore vs Rajasthan Royals,Rajasthan Royals,Yuzvendra Chahal,4,0,28,1,7,7,0,1,2,0,32
Royal Challengers Bangalore vs Rajasthan Royals,Rajasthan Royals,Jason Holder,4,0,32,0,8,6,3,1,0,0,32
Royal Challengers Bangalore vs Rajasthan Royals,Royal Challengers Bangalore,Mohammed Siraj,4,0,39,1,9.75,8,4,1,3,0,32
Royal Challengers Bangalore vs Rajasthan Royals,Royal Challengers Bangalore,David Willey,4,0,26,1,6.5,11,2,1,1,0,32
Royal Challengers Bangalore vs Rajasthan Royals,Royal Challengers Bangalore,Vijaykumar Vyshak,2,0,24,0,12,4,5,0,1,0,32
Royal Challengers Bangalore vs Rajasthan Royals,Royal Challengers Bangalore,Glenn Maxwell,2,0,25,0,12.5,3,2,2,0,0,32
Royal Challengers Bangalore vs Rajasthan Royals,Royal Challengers Bangalore,Harshal Patel,4,0,32,3,8,8,3,1,1,0,32
Royal Challengers Bangalore vs Rajasthan Royals,Royal Challengers Bangalore,Wanindu Hasaranga,4,0,32,0,8,5,2,1,0,0,32
Chennai Super Kings vs Kolkata Knight Riders,Kolkata Knight Riders,Umesh Yadav,3,0,35,0,11.66,7,3,3,0,0,33
Chennai Super Kings vs Kolkata Knight Riders,Kolkata Knight Riders,David Wiese,3,0,38,0,12.66,3,3,2,0,0,33
Chennai Super Kings vs Kolkata Knight Riders,Kolkata Knight Riders,Varun Chakravarthy,4,0,49,1,12.25,8,2,5,0,0,33
Chennai Super Kings vs Kolkata Knight Riders,Kolkata Knight Riders,Kulwant Khejroliya,3,0,44,2,14.66,5,2,4,0,1,33
Chennai Super Kings vs Kolkata Knight Riders,Kolkata Knight Riders,Sunil Narine,2,0,23,0,11.5,3,1,2,0,0,33
Chennai Super Kings vs Kolkata Knight Riders,Kolkata Knight Riders,Suyash Sharma,4,0,29,1,7.25,8,2,1,0,0,33
Chennai Super Kings vs Kolkata Knight Riders,Kolkata Knight Riders,Andre Russell,1,0,17,0,17,0,1,1,2,0,33
Chennai Super Kings vs Kolkata Knight Riders,Chennai Super Kings,Akash Singh,4,0,29,1,7.25,13,4,1,1,0,33
Chennai Super Kings vs Kolkata Knight Riders,Chennai Super Kings,Tushar Deshpande,4,0,43,2,10.75,12,3,3,4,0,33
Chennai Super Kings vs Kolkata Knight Riders,Chennai Super Kings,Maheesh Theekshana,4,0,32,2,8,8,3,1,1,0,33
Chennai Super Kings vs Kolkata Knight Riders,Chennai Super Kings,Moeen Ali,1,0,20,1,20,1,0,3,0,0,33
Chennai Super Kings vs Kolkata Knight Riders,Chennai Super Kings,Ravindra Jadeja,3,0,34,1,11.33,5,2,3,0,0,33
Chennai Super Kings vs Kolkata Knight Riders,Chennai Super Kings,Matheesha Pathirana,4,0,27,1,6.75,11,2,1,3,0,33
Delhi Capitals vs Sunrisers Hyderabad,Sunrisers Hyderabad,Bhuvneshwar Kumar,4,0,11,2,2.75,16,1,0,0,0,34
Delhi Capitals vs Sunrisers Hyderabad,Sunrisers Hyderabad,Marco Jansen,2,0,27,0,13.5,4,4,1,0,0,34
Delhi Capitals vs Sunrisers Hyderabad,Sunrisers Hyderabad,Washington Sundar,4,0,28,3,7,10,2,1,0,0,34
Delhi Capitals vs Sunrisers Hyderabad,Sunrisers Hyderabad,T Natarajan,3,0,21,1,7,3,2,0,0,0,34
Delhi Capitals vs Sunrisers Hyderabad,Sunrisers Hyderabad,Mayank Markande,4,0,34,0,8.5,7,4,0,1,0,34
Delhi Capitals vs Sunrisers Hyderabad,Sunrisers Hyderabad,Umran Malik,2,0,14,0,7,4,2,0,0,0,34
Delhi Capitals vs Sunrisers Hyderabad,Sunrisers Hyderabad,Aiden Markram,1,0,7,0,7,0,0,0,0,0,34
Delhi Capitals vs Sunrisers Hyderabad,Delhi Capitals,Ishant Sharma,3,0,18,1,6,8,2,0,0,0,34
Delhi Capitals vs Sunrisers Hyderabad,Delhi Capitals,Anrich Nortje,4,0,33,2,8.25,10,4,1,0,0,34
Delhi Capitals vs Sunrisers Hyderabad,Delhi Capitals,Mukesh Kumar,3,0,27,0,9,4,4,0,0,0,34
Delhi Capitals vs Sunrisers Hyderabad,Delhi Capitals,Axar Patel,4,0,21,2,5.25,8,1,0,0,0,34
Delhi Capitals vs Sunrisers Hyderabad,Delhi Capitals,Kuldeep Yadav,4,0,22,1,5.5,6,1,0,0,0,34
Delhi Capitals vs Sunrisers Hyderabad,Delhi Capitals,Mitchell Marsh,2,0,16,0,8,3,1,0,0,1,34
Gujarat Titans vs Mumbai Indians,Mumbai Indians,Arjun Tendulkar,2,0,9,1,4.5,7,0,0,0,0,35
Gujarat Titans vs Mumbai Indians,Mumbai Indians,Jason Behrendorff,4,0,37,1,9.25,8,2,2,2,0,35
Gujarat Titans vs Mumbai Indians,Mumbai Indians,Riley Meredith,4,0,49,1,12.25,6,4,3,2,0,35
Gujarat Titans vs Mumbai Indians,Mumbai Indians,Cameron Green,2,0,39,0,19.5,0,2,4,0,0,35
Gujarat Titans vs Mumbai Indians,Mumbai Indians,Piyush Chawla,4,0,34,2,8.5,7,3,1,1,0,35
Gujarat Titans vs Mumbai Indians,Mumbai Indians,Kumar Kartikeya,4,0,39,1,9.75,7,3,2,0,0,35
Gujarat Titans vs Mumbai Indians,Gujarat Titans,Mohammed Shami,4,0,18,0,4.5,14,2,0,1,0,35
Gujarat Titans vs Mumbai Indians,Gujarat Titans,Hardik Pandya,2,0,10,1,5,8,0,1,0,0,35
Gujarat Titans vs Mumbai Indians,Gujarat Titans,Rashid Khan,4,0,27,2,6.75,10,2,1,0,0,35
Gujarat Titans vs Mumbai Indians,Gujarat Titans,Noor Ahmad,4,0,37,3,9.25,10,2,3,0,0,35
Gujarat Titans vs Mumbai Indians,Gujarat Titans,Mohit Sharma,4,0,38,2,9.5,7,1,3,0,0,35
Gujarat Titans vs Mumbai Indians,Gujarat Titans,Josh Little,2,0,18,0,9,2,1,1,0,0,35
Kolkata Knight Riders vs Royal Challengers Bangalore,Royal Challengers Bangalore,Mohammed Siraj,4,0,33,1,8.25,11,5,1,0,0,36
Kolkata Knight Riders vs Royal Challengers Bangalore,Royal Challengers Bangalore,David Willey,3,0,31,0,10.33,5,4,1,1,0,36
Kolkata Knight Riders vs Royal Challengers Bangalore,Royal Challengers Bangalore,Wanindu Hasaranga,4,0,24,2,6,10,3,0,0,0,36
Kolkata Knight Riders vs Royal Challengers Bangalore,Royal Challengers Bangalore,Shahbaz Ahmed,1,0,25,0,25,1,0,4,0,0,36
Kolkata Knight Riders vs Royal Challengers Bangalore,Royal Challengers Bangalore,Vijaykumar Vyshak,4,0,41,2,10.25,3,2,2,3,0,36
Kolkata Knight Riders vs Royal Challengers Bangalore,Royal Challengers Bangalore,Harshal Patel,4,0,44,0,11,7,2,4,1,0,36
Kolkata Knight Riders vs Royal Challengers Bangalore,Kolkata Knight Riders,Vaibhav Arora,2,0,22,0,11,3,3,0,1,0,36
Kolkata Knight Riders vs Royal Challengers Bangalore,Kolkata Knight Riders,Umesh Yadav,1,0,19,0,19,0,1,2,0,0,36
Kolkata Knight Riders vs Royal Challengers Bangalore,Kolkata Knight Riders,Suyash Sharma,4,0,30,2,7.5,5,3,0,1,0,36
Kolkata Knight Riders vs Royal Challengers Bangalore,Kolkata Knight Riders,Varun Chakravarthy,4,0,27,3,6.75,9,2,1,0,0,36
Kolkata Knight Riders vs Royal Challengers Bangalore,Kolkata Knight Riders,Andre Russell,4,0,29,2,7.25,11,1,2,0,0,36
Kolkata Knight Riders vs Royal Challengers Bangalore,Kolkata Knight Riders,Sunil Narine,4,0,41,0,10.25,2,1,2,0,0,36
Kolkata Knight Riders vs Royal Challengers Bangalore,Kolkata Knight Riders,Nitish Rana,1,0,8,0,8,1,1,0,0,0,36
Rajasthan Royals vs Chennai Super Kings,Chennai Super Kings,Akash Singh,2,0,32,0,16,3,6,1,0,0,37
Rajasthan Royals vs Chennai Super Kings,Chennai Super Kings,Tushar Deshpande,4,0,42,2,10.5,10,5,2,0,0,37
Rajasthan Royals vs Chennai Super Kings,Chennai Super Kings,Maheesh Theekshana,4,0,24,1,6,11,3,0,1,0,37
Rajasthan Royals vs Chennai Super Kings,Chennai Super Kings,Ravindra Jadeja,4,0,32,1,8,6,2,1,1,0,37
Rajasthan Royals vs Chennai Super Kings,Chennai Super Kings,Moeen Ali,2,0,17,0,8.5,2,0,1,0,0,37
Rajasthan Royals vs Chennai Super Kings,Chennai Super Kings,Matheesha Pathirana,4,0,48,0,12,5,5,1,2,0,37
Rajasthan Royals vs Chennai Super Kings,Rajasthan Royals,Sandeep Sharma,4,0,24,0,6,10,3,0,0,0,37
Rajasthan Royals vs Chennai Super Kings,Rajasthan Royals,Kuldip Yadav,3,0,18,1,6,4,1,0,0,0,37
Rajasthan Royals vs Chennai Super Kings,Rajasthan Royals,Jason Holder,4,0,49,0,12.25,4,4,3,1,0,37
Rajasthan Royals vs Chennai Super Kings,Rajasthan Royals,Ravichandran Ashwin,4,0,35,2,8.75,7,1,2,0,0,37
Rajasthan Royals vs Chennai Super Kings,Rajasthan Royals,Adam Zampa,3,0,22,3,7.33,7,2,1,0,0,37
Rajasthan Royals vs Chennai Super Kings,Rajasthan Royals,Yuzvendra Chahal,2,0,21,0,10.5,3,2,1,0,0,37
Lucknow Super Giants vs Punjab Kings,Punjab Kings,Gurnoor Brar,3,0,42,0,14,7,4,3,1,2,38
Lucknow Super Giants vs Punjab Kings,Punjab Kings,Arshdeep Singh,4,0,54,1,13.5,4,10,0,2,0,38
Lucknow Super Giants vs Punjab Kings,Punjab Kings,Kagiso Rabada,4,0,52,2,13,12,3,5,2,2,38
Lucknow Super Giants vs Punjab Kings,Punjab Kings,Sikandar Raza,1,0,17,0,17,2,1,2,0,0,38
Lucknow Super Giants vs Punjab Kings,Punjab Kings,Rahul Chahar,4,0,29,0,7.25,8,2,1,0,0,38
Lucknow Super Giants vs Punjab Kings,Punjab Kings,Sam Curran,3,0,38,1,12.66,5,4,2,0,0,38
Lucknow Super Giants vs Punjab Kings,Punjab Kings,Liam Livingstone,1,0,19,1,19,1,3,1,0,0,38
Lucknow Super Giants vs Punjab Kings,Lucknow Super Giants,Marcus Stoinis,1.5,0,21,1,11.45,5,2,1,4,0,38
Lucknow Super Giants vs Punjab Kings,Lucknow Super Giants,Kyle Mayers,1,0,4,0,4,5,1,0,0,0,38
Lucknow Super Giants vs Punjab Kings,Lucknow Super Giants,Ayush Badoni,0.1,0,0,0,0,1,0,0,0,0,38
Lucknow Super Giants vs Punjab Kings,Lucknow Super Giants,Naveen-ul-Haq,4,0,30,3,7.5,11,2,0,1,1,38
Lucknow Super Giants vs Punjab Kings,Lucknow Super Giants,Avesh Khan,2,0,28,0,14,1,3,1,0,0,38
Lucknow Super Giants vs Punjab Kings,Lucknow Super Giants,Amit Mishra,2,0,23,0,11.5,1,2,1,0,0,38
Lucknow Super Giants vs Punjab Kings,Lucknow Super Giants,Ravi Bishnoi,4,0,41,2,10.25,9,4,2,0,1,38
Lucknow Super Giants vs Punjab Kings,Lucknow Super Giants,Yash Thakur,3.5,0,37,4,9.65,9,3,2,1,0,38
Lucknow Super Giants vs Punjab Kings,Lucknow Super Giants,Krunal Pandya,1,0,13,0,13,2,1,1,1,0,38
Kolkata Knight Riders vs Gujarat Titans,Gujarat Titans,Mohammed Shami,4,0,33,3,8.25,12,3,2,0,0,39
Kolkata Knight Riders vs Gujarat Titans,Gujarat Titans,Hardik Pandya,3,0,34,0,11.33,9,3,3,1,0,39
Kolkata Knight Riders vs Gujarat Titans,Gujarat Titans,Rashid Khan,4,0,54,0,13.5,3,3,4,1,0,39
Kolkata Knight Riders vs Gujarat Titans,Gujarat Titans,Josh Little,4,0,25,2,6.25,12,2,1,0,0,39
Kolkata Knight Riders vs Gujarat Titans,Gujarat Titans,Noor Ahmad,4,0,21,2,5.25,12,1,1,1,0,39
Kolkata Knight Riders vs Gujarat Titans,Gujarat Titans,Mohit Sharma,1,0,12,0,12,1,0,1,0,0,39
Kolkata Knight Riders vs Gujarat Titans,Kolkata Knight Riders,Harshit Rana,3,0,25,1,8.33,6,4,0,1,0,39
Kolkata Knight Riders vs Gujarat Titans,Kolkata Knight Riders,Andre Russell,3,0,29,1,9.66,6,3,1,1,0,39
Kolkata Knight Riders vs Gujarat Titans,Kolkata Knight Riders,Varun Chakravarthy,4,0,42,0,10.5,7,3,3,0,0,39
Kolkata Knight Riders vs Gujarat Titans,Kolkata Knight Riders,Suyash Sharma,4,0,37,0,9.25,7,3,2,0,0,39
Kolkata Knight Riders vs Gujarat Titans,Kolkata Knight Riders,Sunil Narine,3,0,24,1,8,3,1,1,0,0,39
Kolkata Knight Riders vs Gujarat Titans,Kolkata Knight Riders,Nitish Rana,0.5,0,14,0,16.8,0,1,1,1,0,39
Sunrisers Hyderabad vs Delhi Capitals,Delhi Capitals,Ishant Sharma,3,0,31,1,10.33,9,7,0,0,0,40
Sunrisers Hyderabad vs Delhi Capitals,Delhi Capitals,Anrich Nortje,4,0,44,0,11,4,4,1,2,0,40
Sunrisers Hyderabad vs Delhi Capitals,Delhi Capitals,Mukesh Kumar,2,0,38,0,19,2,4,2,2,1,40
Sunrisers Hyderabad vs Delhi Capitals,Delhi Capitals,Mitchell Marsh,4,1,27,4,6.75,12,1,2,2,0,40
Sunrisers Hyderabad vs Delhi Capitals,Delhi Capitals,Kuldeep Yadav,3,0,27,0,9,4,1,2,0,0,40
Sunrisers Hyderabad vs Delhi Capitals,Delhi Capitals,Axar Patel,4,0,29,1,7.25,7,0,2,2,0,40
Sunrisers Hyderabad vs Delhi Capitals,Sunrisers Hyderabad,Bhuvneshwar Kumar,4,0,45,1,11.25,5,3,2,3,0,40
Sunrisers Hyderabad vs Delhi Capitals,Sunrisers Hyderabad,Akeal Hosein,4,0,40,1,10,6,4,2,0,0,40
Sunrisers Hyderabad vs Delhi Capitals,Sunrisers Hyderabad,T Natarajan,4,0,34,1,8.5,4,2,1,0,0,40
Sunrisers Hyderabad vs Delhi Capitals,Sunrisers Hyderabad,Umran Malik,1,0,22,0,22,0,2,2,0,0,40
Sunrisers Hyderabad vs Delhi Capitals,Sunrisers Hyderabad,Mayank Markande,4,0,20,2,5,7,1,0,0,0,40
Sunrisers Hyderabad vs Delhi Capitals,Sunrisers Hyderabad,Abhishek Sharma,3,0,26,1,8.66,5,2,1,0,0,40
Chennai Super Kings vs Punjab Kings,Punjab Kings,Arshdeep Singh,4,0,37,1,9.25,8,5,0,3,0,41
Chennai Super Kings vs Punjab Kings,Punjab Kings,Kagiso Rabada,4,0,34,0,8.5,8,4,1,1,0,41
Chennai Super Kings vs Punjab Kings,Punjab Kings,Sam Curran,4,0,46,1,11.5,7,5,2,3,0,41
Chennai Super Kings vs Punjab Kings,Punjab Kings,Rahul Chahar,4,0,35,1,8.75,7,2,2,0,0,41
Chennai Super Kings vs Punjab Kings,Punjab Kings,Sikandar Raza,3,0,31,1,10.33,6,4,1,0,0,41
Chennai Super Kings vs Punjab Kings,Punjab Kings,Liam Livingstone,1,0,16,0,16,0,3,0,0,0,41
Chennai Super Kings vs Punjab Kings,Chennai Super Kings,Akash Singh,3,0,35,0,11.66,4,3,2,1,0,41
Chennai Super Kings vs Punjab Kings,Chennai Super Kings,Tushar Deshpande,4,0,49,3,12.25,10,3,4,2,0,41
Chennai Super Kings vs Punjab Kings,Chennai Super Kings,Maheesh Theekshana,4,0,36,0,9,5,4,0,1,0,41
Chennai Super Kings vs Punjab Kings,Chennai Super Kings,Ravindra Jadeja,4,0,32,2,8,8,1,2,0,0,41
Chennai Super Kings vs Punjab Kings,Chennai Super Kings,Moeen Ali,1,0,10,0,10,2,0,1,0,0,41
Chennai Super Kings vs Punjab Kings,Chennai Super Kings,Matheesha Pathirana,4,0,32,1,8,6,2,0,1,0,41
Rajasthan Royals vs Mumbai Indians,Mumbai Indians,Cameron Green,3,0,31,0,10.33,10,2,2,4,0,42
Rajasthan Royals vs Mumbai Indians,Mumbai Indians,Jofra Archer,4,0,35,1,8.75,16,2,3,3,1,42
Rajasthan Royals vs Mumbai Indians,Mumbai Indians,Riley Meredith,4,0,51,1,12.75,7,9,1,2,0,42
Rajasthan Royals vs Mumbai Indians,Mumbai Indians,Piyush Chawla,4,0,34,2,8.5,11,2,3,0,0,42
Rajasthan Royals vs Mumbai Indians,Mumbai Indians,Kumar Kartikeya,2,0,14,0,7,6,1,1,0,0,42
Rajasthan Royals vs Mumbai Indians,Mumbai Indians,Arshad Khan,3,0,39,3,13,5,4,2,3,0,42
Rajasthan Royals vs Mumbai Indians,Rajasthan Royals,Trent Boult,4,0,43,1,10.75,8,7,0,2,0,42
Rajasthan Royals vs Mumbai Indians,Rajasthan Royals,Sandeep Sharma,4,0,35,1,8.75,5,3,1,2,0,42
Rajasthan Royals vs Mumbai Indians,Rajasthan Royals,Ravichandran Ashwin,4,0,27,2,6.75,8,0,2,1,0,42
Rajasthan Royals vs Mumbai Indians,Rajasthan Royals,Yuzvendra Chahal,3,0,32,0,10.66,5,3,2,0,0,42
Rajasthan Royals vs Mumbai Indians,Rajasthan Royals,Jason Holder,3.3,0,55,0,15.71,4,5,4,2,0,42
Rajasthan Royals vs Mumbai Indians,Rajasthan Royals,Kuldeep Sen,1,0,20,0,20,2,3,1,0,1,42
Royal Challengers Bangalore vs Lucknow Super Giants,Lucknow Super Giants,Krunal Pandya,4,0,21,0,5.25,8,1,0,0,0,43
Royal Challengers Bangalore vs Lucknow Super Giants,Lucknow Super Giants,Marcus Stoinis,1,0,11,0,11,0,1,0,0,0,43
Royal Challengers Bangalore vs Lucknow Super Giants,Lucknow Super Giants,Naveen-ul-Haq,4,0,30,3,7.5,8,3,1,0,0,43
Royal Challengers Bangalore vs Lucknow Super Giants,Lucknow Super Giants,Ravi Bishnoi,4,0,21,2,5.25,7,0,0,0,0,43
Royal Challengers Bangalore vs Lucknow Super Giants,Lucknow Super Giants,Amit Mishra,3,0,21,2,7,4,0,1,0,0,43
Royal Challengers Bangalore vs Lucknow Super Giants,Lucknow Super Giants,Yash Thakur,2,0,12,0,6,6,1,0,2,0,43
Royal Challengers Bangalore vs Lucknow Super Giants,Lucknow Super Giants,Krishnappa Gowtham,2,0,10,1,5,5,0,0,0,0,43
Royal Challengers Bangalore vs Lucknow Super Giants,Royal Challengers Bangalore,Mohammed Siraj,3,0,24,1,8,11,4,0,3,1,43
Royal Challengers Bangalore vs Lucknow Super Giants,Royal Challengers Bangalore,Josh Hazlewood,3,0,15,2,5,13,1,1,0,1,43
Royal Challengers Bangalore vs Lucknow Super Giants,Royal Challengers Bangalore,Glenn Maxwell,1,0,3,1,3,3,0,0,0,0,43
Royal Challengers Bangalore vs Lucknow Super Giants,Royal Challengers Bangalore,Wanindu Hasaranga,4,0,20,1,5,14,0,2,0,0,43
Royal Challengers Bangalore vs Lucknow Super Giants,Royal Challengers Bangalore,Karn Sharma,4,0,20,2,5,12,1,1,0,0,43
Royal Challengers Bangalore vs Lucknow Super Giants,Royal Challengers Bangalore,Harshal Patel,3.5,0,20,1,5.21,9,2,0,0,0,43
Royal Challengers Bangalore vs Lucknow Super Giants,Royal Challengers Bangalore,Mahipal Lomror,1,0,4,0,4,2,0,0,0,0,43
Delhi Capitals vs Gujarat Titans,Gujarat Titans,Mohammed Shami,4,0,11,4,2.75,19,1,0,0,0,44
Delhi Capitals vs Gujarat Titans,Gujarat Titans,Hardik Pandya,1,0,10,0,10,3,2,0,0,1,44
Delhi Capitals vs Gujarat Titans,Gujarat Titans,Josh Little,3,0,27,0,9,6,4,0,0,0,44
Delhi Capitals vs Gujarat Titans,Gujarat Titans,Rashid Khan,4,0,28,1,7,12,0,3,1,0,44
Delhi Capitals vs Gujarat Titans,Gujarat Titans,Noor Ahmad,4,0,20,0,5,11,1,0,2,0,44
Delhi Capitals vs Gujarat Titans,Gujarat Titans,Mohit Sharma,4,0,33,2,8.25,7,1,2,0,0,44
Delhi Capitals vs Gujarat Titans,Delhi Capitals,Khaleel Ahmed,4,1,24,2,6,12,4,0,0,0,44
Delhi Capitals vs Gujarat Titans,Delhi Capitals,Ishant Sharma,4,0,23,2,5.75,12,2,0,1,0,44
Delhi Capitals vs Gujarat Titans,Delhi Capitals,Anrich Nortje,4,0,39,1,9.75,11,2,3,2,0,44
Delhi Capitals vs Gujarat Titans,Delhi Capitals,Kuldeep Yadav,4,0,15,1,3.75,9,0,0,0,0,44
Delhi Capitals vs Gujarat Titans,Delhi Capitals,Axar Patel,4,0,24,0,6,10,1,1,1,0,44
Lucknow Super Giants vs Chennai Super Kings,Chennai Super Kings,Deepak Chahar,4,0,41,0,10.25,9,4,2,0,0,45
Lucknow Super Giants vs Chennai Super Kings,Chennai Super Kings,Tushar Deshpande,1,0,1,0,1,5,0,0,0,0,45
Lucknow Super Giants vs Chennai Super Kings,Chennai Super Kings,Moeen Ali,4,0,13,2,3.25,11,0,0,0,0,45
Lucknow Super Giants vs Chennai Super Kings,Chennai Super Kings,Maheesh Theekshana,4,0,37,2,9.25,7,2,2,0,0,45
Lucknow Super Giants vs Chennai Super Kings,Chennai Super Kings,Ravindra Jadeja,3,0,11,1,3.66,8,0,0,0,0,45
Lucknow Super Giants vs Chennai Super Kings,Chennai Super Kings,Matheesha Pathirana,3.2,0,22,2,6.6,6,0,0,2,0,45
Punjab Kings vs Mumbai Indians,Mumbai Indians,Cameron Green,2,0,15,0,7.5,7,2,0,0,0,46
Punjab Kings vs Mumbai Indians,Mumbai Indians,Arshad Khan,4,0,48,1,12,9,7,2,1,0,46
Punjab Kings vs Mumbai Indians,Mumbai Indians,Jofra Archer,4,0,56,0,14,4,4,3,2,1,46
Punjab Kings vs Mumbai Indians,Mumbai Indians,Piyush Chawla,4,0,29,2,7.25,7,4,0,0,0,46
Punjab Kings vs Mumbai Indians,Mumbai Indians,Kumar Kartikeya,3,0,24,0,8,3,0,1,3,0,46
Punjab Kings vs Mumbai Indians,Mumbai Indians,Akash Madhwal,3,0,37,0,12.33,1,3,1,0,1,46
Punjab Kings vs Mumbai Indians,Punjab Kings,Rishi Dhawan,3,0,20,1,6.66,11,1,2,0,0,46
Punjab Kings vs Mumbai Indians,Punjab Kings,Arshdeep Singh,3.5,0,66,1,17.21,4,8,4,2,0,46
Punjab Kings vs Mumbai Indians,Punjab Kings,Sam Curran,3,0,41,0,13.66,3,5,2,1,0,46
Punjab Kings vs Mumbai Indians,Punjab Kings,Nathan Ellis,4,0,34,2,8.5,4,3,0,0,0,46
Punjab Kings vs Mumbai Indians,Punjab Kings,Rahul Chahar,3,0,30,0,10,5,5,0,0,0,46
Punjab Kings vs Mumbai Indians,Punjab Kings,Harpreet Brar,2,0,21,0,10.5,1,1,1,0,0,46
Kolkata Knight Riders vs Sunrisers Hyderabad,Sunrisers Hyderabad,Bhuvneshwar Kumar,4,0,33,1,8.25,12,6,0,1,0,47
Kolkata Knight Riders vs Sunrisers Hyderabad,Sunrisers Hyderabad,Marco Jansen,3,0,24,2,8,7,3,0,0,1,47
Kolkata Knight Riders vs Sunrisers Hyderabad,Sunrisers Hyderabad,Kartik Tyagi,2,0,30,1,15,5,3,2,2,1,47
Kolkata Knight Riders vs Sunrisers Hyderabad,Sunrisers Hyderabad,Aiden Markram,3,0,24,1,8,5,2,1,0,0,47
Kolkata Knight Riders vs Sunrisers Hyderabad,Sunrisers Hyderabad,T Natarajan,4,0,30,2,7.5,9,1,1,2,0,47
Kolkata Knight Riders vs Sunrisers Hyderabad,Sunrisers Hyderabad,Mayank Markande,4,0,29,1,7.25,8,1,2,0,0,47
Kolkata Knight Riders vs Sunrisers Hyderabad,Kolkata Knight Riders,Harshit Rana,4,0,27,1,6.75,13,1,2,2,0,47
Kolkata Knight Riders vs Sunrisers Hyderabad,Kolkata Knight Riders,Vaibhav Arora,3,0,32,2,10.66,6,5,0,1,2,47
Kolkata Knight Riders vs Sunrisers Hyderabad,Kolkata Knight Riders,Shardul Thakur,3,0,23,2,7.66,6,3,0,0,0,47
Kolkata Knight Riders vs Sunrisers Hyderabad,Kolkata Knight Riders,Andre Russell,1,0,15,1,15,4,2,1,0,1,47
Kolkata Knight Riders vs Sunrisers Hyderabad,Kolkata Knight Riders,Anukul Roy,3,0,26,1,8.66,6,1,2,1,0,47
Kolkata Knight Riders vs Sunrisers Hyderabad,Kolkata Knight Riders,Sunil Narine,2,0,16,0,8,1,1,0,0,0,47
Kolkata Knight Riders vs Sunrisers Hyderabad,Kolkata Knight Riders,Varun Chakravarthy,4,0,20,1,5,12,2,0,0,0,47
Rajasthan Royals vs Gujarat Titans ,Gujarat Titans,Mohammed Shami,4,0,27,1,6.75,13,2,1,2,0,48
Rajasthan Royals vs Gujarat Titans ,Gujarat Titans,Hardik Pandya,2,0,22,1,11,4,3,1,0,0,48
Rajasthan Royals vs Gujarat Titans ,Gujarat Titans,Rashid Khan,4,0,14,3,3.5,13,0,0,2,0,48
Rajasthan Royals vs Gujarat Titans ,Gujarat Titans,Josh Little,4,0,24,1,6,7,2,0,0,0,48
Rajasthan Royals vs Gujarat Titans ,Gujarat Titans,Noor Ahmad,3,0,25,2,8.33,7,2,1,3,0,48
Rajasthan Royals vs Gujarat Titans ,Gujarat Titans,Mohit Sharma,0.5,0,5,0,6,0,0,0,0,0,48
Rajasthan Royals vs Gujarat Titans ,Rajasthan Royals,Trent Boult,3,0,28,0,9.33,8,6,0,0,0,48
Rajasthan Royals vs Gujarat Titans ,Rajasthan Royals,Sandeep Sharma,3,0,19,0,6.33,9,3,0,0,1,48
Rajasthan Royals vs Gujarat Titans ,Rajasthan Royals,Adam Zampa,3,0,40,0,13.33,3,3,3,0,0,48
Rajasthan Royals vs Gujarat Titans ,Rajasthan Royals,Yuzvendra Chahal,3.5,0,22,1,5.73,7,1,0,0,0,48
Rajasthan Royals vs Gujarat Titans ,Rajasthan Royals,Ravichandran Ashwin,1,0,8,0,8,1,1,0,0,0,48
Mumbai Indians vs Chennai Super Kings,Chennai Super Kings,Deepak Chahar,3,0,18,2,6,10,3,0,0,0,49
Mumbai Indians vs Chennai Super Kings,Chennai Super Kings,Tushar Deshpande,4,0,26,2,6.5,9,2,0,1,0,49
Mumbai Indians vs Chennai Super Kings,Chennai Super Kings,Ravindra Jadeja,4,0,37,1,9.25,5,5,0,1,0,49
Mumbai Indians vs Chennai Super Kings,Chennai Super Kings,Moeen Ali,1,0,10,0,10,2,2,0,0,0,49
Mumbai Indians vs Chennai Super Kings,Chennai Super Kings,Maheesh Theekshana,4,0,28,0,7,11,3,1,0,0,49
Mumbai Indians vs Chennai Super Kings,Chennai Super Kings,Matheesha Pathirana,4,0,15,3,3.75,12,0,0,0,0,49
Mumbai Indians vs Chennai Super Kings,Mumbai Indians,Cameron Green,1,0,10,0,10,4,2,0,1,1,49
Mumbai Indians vs Chennai Super Kings,Mumbai Indians,Jofra Archer,4,0,24,0,6,11,3,0,1,0,49
Mumbai Indians vs Chennai Super Kings,Mumbai Indians,Arshad Khan,1.4,0,28,0,16.8,3,2,3,0,0,49
Mumbai Indians vs Chennai Super Kings,Mumbai Indians,Piyush Chawla,4,0,25,2,6.25,8,1,1,0,0,49
Mumbai Indians vs Chennai Super Kings,Mumbai Indians,Raghav Goyal,4,0,33,0,8.25,7,1,2,0,0,49
Mumbai Indians vs Chennai Super Kings,Mumbai Indians,Tristan Stubbs,2,0,14,1,7,3,0,1,0,0,49
Mumbai Indians vs Chennai Super Kings,Mumbai Indians,Akash Madhwal,1,0,4,1,4,2,0,0,0,0,49
Royal Challengers Bangalore vs Delhi Capitals,Delhi Capitals,Khaleel Ahmed,4,0,45,1,11.25,7,3,3,1,0,50
Royal Challengers Bangalore vs Delhi Capitals,Delhi Capitals,Axar Patel,3,0,17,0,5.66,7,2,0,0,0,50
Royal Challengers Bangalore vs Delhi Capitals,Delhi Capitals,Ishant Sharma,3,0,29,0,9.66,5,4,0,2,0,50
Royal Challengers Bangalore vs Delhi Capitals,Delhi Capitals,Mukesh Kumar,3,0,30,1,10,6,5,0,1,0,50
Royal Challengers Bangalore vs Delhi Capitals,Delhi Capitals,Mitchell Marsh,3,0,21,2,7,3,0,1,1,0,50
Royal Challengers Bangalore vs Delhi Capitals,Delhi Capitals,Kuldeep Yadav,4,0,37,0,9.25,5,2,2,0,0,50
Royal Challengers Bangalore vs Delhi Capitals,Royal Challengers Bangalore,Mohammed Siraj,2,0,28,0,14,4,3,2,1,0,50
Royal Challengers Bangalore vs Delhi Capitals,Royal Challengers Bangalore,Glenn Maxwell,1.4,0,14,0,8.4,4,1,1,0,0,50
Royal Challengers Bangalore vs Delhi Capitals,Royal Challengers Bangalore,Josh Hazlewood,3,0,29,1,9.66,9,2,2,0,1,50
Royal Challengers Bangalore vs Delhi Capitals,Royal Challengers Bangalore,Wanindu Hasaranga,4,0,32,0,8,9,2,2,0,0,50
Royal Challengers Bangalore vs Delhi Capitals,Royal Challengers Bangalore,Karn Sharma,3,0,33,1,11,4,4,1,0,0,50
Royal Challengers Bangalore vs Delhi Capitals,Royal Challengers Bangalore,Mahipal Lomror,1,0,13,0,13,1,1,1,0,0,50
Royal Challengers Bangalore vs Delhi Capitals,Royal Challengers Bangalore,Harshal Patel,2,0,32,1,16,4,2,3,1,0,50
Gujarat Titans vs Lucknow Super Giants,Lucknow Super Giants,Mohsin Khan,3,0,42,1,14,4,5,2,2,0,51
Gujarat Titans vs Lucknow Super Giants,Lucknow Super Giants,Avesh Khan,4,0,34,1,8.5,8,2,2,0,0,51
Gujarat Titans vs Lucknow Super Giants,Lucknow Super Giants,Krunal Pandya,4,0,38,0,9.5,5,2,2,0,0,51
Gujarat Titans vs Lucknow Super Giants,Lucknow Super Giants,Yash Thakur,4,0,48,0,12,4,2,4,1,0,51
Gujarat Titans vs Lucknow Super Giants,Lucknow Super Giants,Ravi Bishnoi,2,0,21,0,10.5,2,0,2,1,0,51
Gujarat Titans vs Lucknow Super Giants,Lucknow Super Giants,Kyle Mayers,1,0,16,0,16,1,3,0,0,1,51
Gujarat Titans vs Lucknow Super Giants,Lucknow Super Giants,Swapnil Singh,1,0,7,0,7,1,0,0,0,0,51
Gujarat Titans vs Lucknow Super Giants,Lucknow Super Giants,Marcus Stoinis,1,0,20,0,20,0,1,2,0,0,51
Gujarat Titans vs Lucknow Super Giants,Gujarat Titans,Mohammed Shami,4,0,37,1,9.25,9,3,2,1,0,51
Gujarat Titans vs Lucknow Super Giants,Gujarat Titans,Hardik Pandya,3,0,37,0,12.33,6,6,1,2,0,51
Gujarat Titans vs Lucknow Super Giants,Gujarat Titans,Rashid Khan,4,0,34,1,8.5,6,1,2,0,0,51
Gujarat Titans vs Lucknow Super Giants,Gujarat Titans,Noor Ahmad,4,0,26,1,6.5,11,4,0,1,0,51
Gujarat Titans vs Lucknow Super Giants,Gujarat Titans,Mohit Sharma,4,0,29,4,7.25,9,1,2,1,0,51
Gujarat Titans vs Lucknow Super Giants,Gujarat Titans,Alzarri Joseph,1,0,5,0,5,4,1,0,0,0,51
Rajasthan Royals vs Sunrisers Hyderabad,Sunrisers Hyderabad,Bhuvneshwar Kumar,4,0,44,1,11,7,6,1,2,0,52
Rajasthan Royals vs Sunrisers Hyderabad,Sunrisers Hyderabad,Marco Jansen,4,0,44,1,11,5,6,1,1,0,52
Rajasthan Royals vs Sunrisers Hyderabad,Sunrisers Hyderabad,T Natarajan,4,0,36,0,9,8,4,1,1,0,52
Rajasthan Royals vs Sunrisers Hyderabad,Sunrisers Hyderabad,Mayank Markande,4,0,51,0,12.75,7,1,6,0,0,52
Rajasthan Royals vs Sunrisers Hyderabad,Sunrisers Hyderabad,Abhishek Sharma,2,0,15,0,7.5,5,1,1,0,0,52
Rajasthan Royals vs Sunrisers Hyderabad,Sunrisers Hyderabad,Vivrant Sharma,2,0,18,0,9,4,1,1,1,0,52
Rajasthan Royals vs Sunrisers Hyderabad,Rajasthan Royals,Sandeep Sharma,4,0,48,0,12,5,5,2,0,1,52
Rajasthan Royals vs Sunrisers Hyderabad,Rajasthan Royals,Kuldip Yadav,4,0,50,1,12.5,5,2,4,0,0,52
Rajasthan Royals vs Sunrisers Hyderabad,Rajasthan Royals,Ravichandran Ashwin,4,0,35,1,8.75,5,2,1,3,0,52
Rajasthan Royals vs Sunrisers Hyderabad,Rajasthan Royals,Yuzvendra Chahal,4,0,29,4,7.25,11,3,1,0,0,52
Rajasthan Royals vs Sunrisers Hyderabad,Rajasthan Royals,Murugan Ashwin,3,0,42,0,14,3,2,4,0,0,52
Rajasthan Royals vs Sunrisers Hyderabad,Rajasthan Royals,Obed McCoy,1,0,13,0,13,2,1,1,1,0,52
Punjab Kings vs Kolkata Knight Riders,Kolkata Knight Riders,Vaibhav Arora,3,0,32,0,10.66,8,7,0,1,0,53
Punjab Kings vs Kolkata Knight Riders,Kolkata Knight Riders,Harshit Rana,3,0,33,2,11,9,4,2,0,1,53
Punjab Kings vs Kolkata Knight Riders,Kolkata Knight Riders,Andre Russell,1,0,19,0,19,1,4,0,0,1,53
Punjab Kings vs Kolkata Knight Riders,Kolkata Knight Riders,Varun Chakravarthy,4,0,26,3,6.5,11,2,1,1,0,53
Punjab Kings vs Kolkata Knight Riders,Kolkata Knight Riders,Suyash Sharma,4,0,26,1,6.5,12,1,2,1,0,53
Punjab Kings vs Kolkata Knight Riders,Kolkata Knight Riders,Sunil Narine,4,0,29,0,7.25,9,2,1,1,0,53
Punjab Kings vs Kolkata Knight Riders,Kolkata Knight Riders,Nitish Rana,1,0,7,1,7,3,1,0,0,0,53
Punjab Kings vs Kolkata Knight Riders,Punjab Kings,Rishi Dhawan,2,0,15,0,7.5,5,2,0,0,0,53
Punjab Kings vs Kolkata Knight Riders,Punjab Kings,Arshdeep Singh,4,0,39,0,9.75,10,6,1,1,0,53
Punjab Kings vs Kolkata Knight Riders,Punjab Kings,Nathan Ellis,4,0,29,1,7.25,7,2,1,0,0,53
Punjab Kings vs Kolkata Knight Riders,Punjab Kings,Sam Curran,3,0,44,0,14.66,5,5,3,1,0,53
Punjab Kings vs Kolkata Knight Riders,Punjab Kings,Liam Livingstone,2,0,27,0,13.5,2,4,1,0,0,53
Punjab Kings vs Kolkata Knight Riders,Punjab Kings,Harpreet Brar,1,0,4,1,4,2,0,0,0,0,53
Punjab Kings vs Kolkata Knight Riders,Punjab Kings,Rahul Chahar,4,0,23,2,5.75,8,1,0,1,0,53
Royal Challengers Bangalore vs Mumbai Indians,Mumbai Indians,Jason Behrendorff,4,0,36,3,9,9,5,1,0,0,54
Royal Challengers Bangalore vs Mumbai Indians,Mumbai Indians,Piyush Chawla,4,0,41,0,10.25,8,5,2,0,0,54
Royal Challengers Bangalore vs Mumbai Indians,Mumbai Indians,Cameron Green,2,0,15,1,7.5,6,3,0,0,0,54
Royal Challengers Bangalore vs Mumbai Indians,Mumbai Indians,Chris Jordan,4,0,48,1,12,7,4,3,1,0,54
Royal Challengers Bangalore vs Mumbai Indians,Mumbai Indians,Kumar Kartikeya,4,0,35,1,8.75,6,3,1,1,0,54
Royal Challengers Bangalore vs Mumbai Indians,Mumbai Indians,Akash Madhwal,2,0,23,0,11.5,1,1,1,0,1,54
Royal Challengers Bangalore vs Mumbai Indians,Royal Challengers Bangalore,Mohammed Siraj,3,0,31,0,10.33,10,2,3,1,0,54
Royal Challengers Bangalore vs Mumbai Indians,Royal Challengers Bangalore,Josh Hazlewood,3,0,32,0,10.66,7,5,1,1,0,54
Royal Challengers Bangalore vs Mumbai Indians,Royal Challengers Bangalore,Wanindu Hasaranga,4,0,53,2,13.25,5,2,5,1,0,54
Royal Challengers Bangalore vs Mumbai Indians,Royal Challengers Bangalore,Vijaykumar Vyshak,3,0,37,2,12.33,7,2,3,1,1,54
Royal Challengers Bangalore vs Mumbai Indians,Royal Challengers Bangalore,Harshal Patel,3.3,0,41,0,11.71,3,5,1,1,1,54
Chennai Super Kings vs Delhi Capitals,Delhi Capitals,Khaleel Ahmed,4,0,32,1,8,9,1,2,2,0,55
Chennai Super Kings vs Delhi Capitals,Delhi Capitals,Ishant Sharma,2,0,23,0,11.5,4,4,0,2,0,55
Chennai Super Kings vs Delhi Capitals,Delhi Capitals,Lalit Yadav,3,0,34,1,11.33,6,2,3,0,0,55
Chennai Super Kings vs Delhi Capitals,Delhi Capitals,Axar Patel,4,0,27,2,6.75,8,2,1,0,0,55
Chennai Super Kings vs Delhi Capitals,Delhi Capitals,Kuldeep Yadav,4,0,28,1,7,6,0,1,3,0,55
Chennai Super Kings vs Delhi Capitals,Delhi Capitals,Mitchell Marsh,3,0,18,3,6,7,1,0,3,0,55
Chennai Super Kings vs Delhi Capitals,Chennai Super Kings,Deepak Chahar,3,0,28,2,9.33,10,3,2,1,0,55
Chennai Super Kings vs Delhi Capitals,Chennai Super Kings,Tushar Deshpande,3,0,18,0,6,9,1,1,0,0,55
Chennai Super Kings vs Delhi Capitals,Chennai Super Kings,Maheesh Theekshana,2,0,16,0,8,2,0,1,0,0,55
Chennai Super Kings vs Delhi Capitals,Chennai Super Kings,Ravindra Jadeja,4,0,19,1,4.75,10,1,0,0,0,55
Chennai Super Kings vs Delhi Capitals,Chennai Super Kings,Moeen Ali,4,0,16,0,4,13,0,1,0,0,55
Chennai Super Kings vs Delhi Capitals,Chennai Super Kings,Matheesha Pathirana,4,0,37,3,9.25,11,5,1,4,0,55
Kolkata Knight Riders vs Rajasthan Royals,Rajasthan Royals,Trent Boult,3,0,15,2,5,13,2,0,0,0,56
Kolkata Knight Riders vs Rajasthan Royals,Rajasthan Royals,Sandeep Sharma,4,0,34,1,8.5,12,2,3,0,0,56
Kolkata Knight Riders vs Rajasthan Royals,Rajasthan Royals,Ravichandran Ashwin,4,0,32,0,8,6,1,2,0,0,56
Kolkata Knight Riders vs Rajasthan Royals,Rajasthan Royals,Joe Root,2,0,14,0,7,2,1,0,0,0,56
Kolkata Knight Riders vs Rajasthan Royals,Rajasthan Royals,Yuzvendra Chahal,4,0,25,4,6.25,11,2,1,0,0,56
Kolkata Knight Riders vs Rajasthan Royals,Rajasthan Royals,KM Asif,3,0,27,1,9,4,0,2,1,0,56
Kolkata Knight Riders vs Rajasthan Royals,Kolkata Knight Riders,Nitish Rana,1,0,26,0,26,0,3,2,0,0,56
Kolkata Knight Riders vs Rajasthan Royals,Kolkata Knight Riders,Harshit Rana,2,0,22,0,11,6,2,1,2,0,56
Kolkata Knight Riders vs Rajasthan Royals,Kolkata Knight Riders,Shardul Thakur,1.1,0,18,0,15.42,1,4,0,0,0,56
Kolkata Knight Riders vs Rajasthan Royals,Kolkata Knight Riders,Varun Chakravarthy,3,0,28,0,9.33,10,3,2,1,0,56
Kolkata Knight Riders vs Rajasthan Royals,Kolkata Knight Riders,Sunil Narine,2,0,13,0,6.5,5,0,1,0,0,56
Kolkata Knight Riders vs Rajasthan Royals,Kolkata Knight Riders,Suyash Sharma,3,0,22,0,7.33,7,2,1,0,0,56
Kolkata Knight Riders vs Rajasthan Royals,Kolkata Knight Riders,Anukul Roy,1,0,20,0,20,1,0,3,0,0,56
Mumbai Indians vs Gujarat Titans,Gujarat Titans,Mohammed Shami,4,0,53,0,13.25,9,5,4,0,0,57
Mumbai Indians vs Gujarat Titans,Gujarat Titans,Mohit Sharma,4,0,43,1,10.75,10,6,2,0,0,57
Mumbai Indians vs Gujarat Titans,Gujarat Titans,Rashid Khan,4,0,30,4,7.5,10,5,0,0,0,57
Mumbai Indians vs Gujarat Titans,Gujarat Titans,Noor Ahmad,4,0,38,0,9.5,7,4,1,0,0,57
Mumbai Indians vs Gujarat Titans,Gujarat Titans,Alzarri Joseph,4,0,52,0,13,5,2,5,0,0,57
Mumbai Indians vs Gujarat Titans,Mumbai Indians,Jason Behrendorff,4,0,37,1,9.25,8,5,1,1,0,57
Mumbai Indians vs Gujarat Titans,Mumbai Indians,Akash Madhwal,4,0,31,3,7.75,11,4,1,0,0,57
Mumbai Indians vs Gujarat Titans,Mumbai Indians,Chris Jordan,4,0,34,0,8.5,9,3,2,0,0,57
Mumbai Indians vs Gujarat Titans,Mumbai Indians,Piyush Chawla,4,0,36,2,9,7,4,1,0,0,57
Mumbai Indians vs Gujarat Titans,Mumbai Indians,Kumar Kartikeya,3,0,37,2,12.33,8,0,5,2,0,57
Mumbai Indians vs Gujarat Titans,Mumbai Indians,Cameron Green,1,0,13,0,13,3,0,2,0,0,57
Sunrisers Hyderabad vs Lucknow Super Giants,Lucknow Super Giants,Yudhvir Singh,3,0,24,1,8,8,4,0,1,0,58
Sunrisers Hyderabad vs Lucknow Super Giants,Lucknow Super Giants,Kyle Mayers,1,0,11,0,11,3,2,0,0,1,58
Sunrisers Hyderabad vs Lucknow Super Giants,Lucknow Super Giants,Krunal Pandya,4,0,24,2,6,12,2,1,0,0,58
Sunrisers Hyderabad vs Lucknow Super Giants,Lucknow Super Giants,Avesh Khan,2,0,30,1,15,2,5,1,0,0,58
Sunrisers Hyderabad vs Lucknow Super Giants,Lucknow Super Giants,Yash Thakur,4,0,28,1,7,11,1,2,0,0,58
Sunrisers Hyderabad vs Lucknow Super Giants,Lucknow Super Giants,Amit Mishra,4,0,40,1,10,8,2,3,1,0,58
Sunrisers Hyderabad vs Lucknow Super Giants,Lucknow Super Giants,Ravi Bishnoi,2,0,23,0,11.5,1,2,1,0,0,58
Sunrisers Hyderabad vs Lucknow Super Giants,Sunrisers Hyderabad,Bhuvneshwar Kumar,4,0,30,0,7.5,8,3,1,0,0,58
Sunrisers Hyderabad vs Lucknow Super Giants,Sunrisers Hyderabad,Fazalhaq Farooqi,3.2,0,32,0,9.6,8,5,0,4,0,58
Sunrisers Hyderabad vs Lucknow Super Giants,Sunrisers Hyderabad,Glenn Phillips,2,0,10,1,5,5,1,0,0,0,58
Sunrisers Hyderabad vs Lucknow Super Giants,Sunrisers Hyderabad,T Natarajan,4,0,31,0,7.75,8,1,2,0,0,58
Sunrisers Hyderabad vs Lucknow Super Giants,Sunrisers Hyderabad,Mayank Markande,3,0,39,1,13,2,4,2,0,0,58
Sunrisers Hyderabad vs Lucknow Super Giants,Sunrisers Hyderabad,Abhishek Sharma,3,0,42,1,14,6,1,5,1,0,58
Punjab Kings vs Delhi Capitals,Delhi Capitals,Khaleel Ahmed,4,0,36,0,9,11,4,1,3,0,59
Punjab Kings vs Delhi Capitals,Delhi Capitals,Ishant Sharma,3,0,27,2,9,8,4,1,0,0,59
Punjab Kings vs Delhi Capitals,Delhi Capitals,Axar Patel,4,0,27,1,6.75,12,1,1,2,0,59
Punjab Kings vs Delhi Capitals,Delhi Capitals,Praveen Dubey,3,0,19,1,6.33,8,1,1,1,0,59
Punjab Kings vs Delhi Capitals,Delhi Capitals,Kuldeep Yadav,4,0,32,1,8,9,2,2,0,0,59
Punjab Kings vs Delhi Capitals,Delhi Capitals,Mitchell Marsh,1,0,21,0,21,0,1,2,1,0,59
Punjab Kings vs Delhi Capitals,Delhi Capitals,Mukesh Kumar,1,0,3,1,3,3,0,0,0,0,59
Punjab Kings vs Delhi Capitals,Punjab Kings,Rishi Dhawan,1,0,10,0,10,2,2,0,0,0,59
Punjab Kings vs Delhi Capitals,Punjab Kings,Sam Curran,2,0,18,0,9,4,3,0,0,0,59
Punjab Kings vs Delhi Capitals,Punjab Kings,Harpreet Brar,4,0,30,4,7.5,11,5,0,1,0,59
Punjab Kings vs Delhi Capitals,Punjab Kings,Nathan Ellis,4,0,26,2,6.5,6,2,0,1,0,59
Punjab Kings vs Delhi Capitals,Punjab Kings,Arshdeep Singh,4,0,32,0,8,8,2,2,0,0,59
Punjab Kings vs Delhi Capitals,Punjab Kings,Rahul Chahar,4,0,16,2,4,18,3,0,1,0,59
Punjab Kings vs Delhi Capitals,Punjab Kings,Sikandar Raza,1,0,3,0,3,3,0,0,0,0,59
Royal Challengers Bangalore vs Rajasthan Royals,Rajasthan Royals,Sandeep Sharma,4,0,34,1,8.5,4,4,0,1,0,60
Royal Challengers Bangalore vs Rajasthan Royals,Rajasthan Royals,Adam Zampa,4,0,25,2,6.25,10,2,1,0,0,60
Royal Challengers Bangalore vs Rajasthan Royals,Rajasthan Royals,Yuzvendra Chahal,4,0,37,0,9.25,4,3,1,1,0,60
Royal Challengers Bangalore vs Rajasthan Royals,Rajasthan Royals,Ravichandran Ashwin,4,0,33,0,8.25,5,1,2,1,0,60
Royal Challengers Bangalore vs Rajasthan Royals,Rajasthan Royals,KM Asif,4,0,42,2,10.5,8,2,3,1,0,60
Royal Challengers Bangalore vs Rajasthan Royals,Royal Challengers Bangalore,Mohammed Siraj,2,0,10,1,5,9,2,0,1,0,60
Royal Challengers Bangalore vs Rajasthan Royals,Royal Challengers Bangalore,Wayne Parnell,3,0,10,3,3.33,12,1,0,1,0,60
Royal Challengers Bangalore vs Rajasthan Royals,Royal Challengers Bangalore,Michael Bracewell,3,0,16,2,5.33,10,1,1,0,0,60
Royal Challengers Bangalore vs Rajasthan Royals,Royal Challengers Bangalore,Karn Sharma,1.3,0,19,2,12.66,5,0,3,0,0,60
Royal Challengers Bangalore vs Rajasthan Royals,Royal Challengers Bangalore,Glenn Maxwell,1,0,3,1,3,4,0,0,0,0,60
Chennai Super Kings vs Kolkata Knight Riders,Kolkata Knight Riders,Vaibhav Arora,4,0,30,1,7.5,7,2,0,1,1,61
Chennai Super Kings vs Kolkata Knight Riders,Kolkata Knight Riders,Harshit Rana,2,0,19,0,9.5,5,2,1,0,0,61
Chennai Super Kings vs Kolkata Knight Riders,Kolkata Knight Riders,Varun Chakravarthy,4,0,36,2,9,5,2,1,1,0,61
Chennai Super Kings vs Kolkata Knight Riders,Kolkata Knight Riders,Sunil Narine,4,0,15,2,3.75,10,0,0,0,0,61
Chennai Super Kings vs Kolkata Knight Riders,Kolkata Knight Riders,Shardul Thakur,3,0,15,1,5,7,1,0,1,0,61
Chennai Super Kings vs Kolkata Knight Riders,Kolkata Knight Riders,Suyash Sharma,3,0,29,0,9.66,6,0,3,0,1,61
Chennai Super Kings vs Kolkata Knight Riders,Chennai Super Kings,Deepak Chahar,3,0,27,3,9,7,3,1,2,0,61
Chennai Super Kings vs Kolkata Knight Riders,Chennai Super Kings,Tushar Deshpande,3.3,0,25,0,7.14,11,2,1,2,0,61
Chennai Super Kings vs Kolkata Knight Riders,Chennai Super Kings,Moeen Ali,4,0,31,0,7.75,8,5,0,0,0,61
Chennai Super Kings vs Kolkata Knight Riders,Chennai Super Kings,Maheesh Theekshana,3,0,22,0,7.33,3,2,0,0,0,61
Chennai Super Kings vs Kolkata Knight Riders,Chennai Super Kings,Matheesha Pathirana,3,0,23,0,7.66,8,1,0,2,1,61
Chennai Super Kings vs Kolkata Knight Riders,Chennai Super Kings,Ravindra Jadeja,2,0,18,0,9,4,0,2,0,0,61
Gujarat Titans vs Sunrisers Hyderabad,Sunrisers Hyderabad,Bhuvneshwar Kumar,4,0,30,5,7.5,11,4,0,0,0,62
Gujarat Titans vs Sunrisers Hyderabad,Sunrisers Hyderabad,Marco Jansen,4,0,39,1,9.75,11,3,1,4,2,62
Gujarat Titans vs Sunrisers Hyderabad,Sunrisers Hyderabad,Fazalhaq Farooqi,3,0,31,1,10.33,3,4,0,1,0,62
Gujarat Titans vs Sunrisers Hyderabad,Sunrisers Hyderabad,T Natarajan,4,0,34,1,8.5,4,4,0,0,0,62
Gujarat Titans vs Sunrisers Hyderabad,Sunrisers Hyderabad,Aiden Markram,1,0,13,0,13,0,2,0,0,0,62
Gujarat Titans vs Sunrisers Hyderabad,Sunrisers Hyderabad,Mayank Markande,3,0,27,0,9,3,4,0,0,0,62
Gujarat Titans vs Sunrisers Hyderabad,Sunrisers Hyderabad,Abhishek Sharma,1,0,13,0,13,2,1,1,1,0,62
Gujarat Titans vs Sunrisers Hyderabad,Gujarat Titans,Mohammed Shami,4,0,21,4,5.25,13,1,1,0,0,62
Gujarat Titans vs Sunrisers Hyderabad,Gujarat Titans,Yash Dayal,4,0,31,1,7.75,11,4,0,4,0,62
Gujarat Titans vs Sunrisers Hyderabad,Gujarat Titans,Rashid Khan,4,0,28,0,7,6,1,1,0,0,62
Gujarat Titans vs Sunrisers Hyderabad,Gujarat Titans,Mohit Sharma,4,0,28,4,7,12,3,1,0,0,62
Gujarat Titans vs Sunrisers Hyderabad,Gujarat Titans,Noor Ahmad,2.5,0,35,0,12.35,3,3,2,1,0,62
Gujarat Titans vs Sunrisers Hyderabad,Gujarat Titans,Rahul Tewatia,1.1,0,7,0,6,3,1,0,0,0,62
Lucknow Super Giants vs Mumbai Indians,Mumbai Indians,Jason Behrendorff,4,0,30,2,7.5,9,0,2,1,0,63
Lucknow Super Giants vs Mumbai Indians,Mumbai Indians,Chris Jordan,4,0,50,0,12.5,7,3,4,2,0,63
Lucknow Super Giants vs Mumbai Indians,Mumbai Indians,Hrithik Shokeen,3,0,20,0,6.66,9,1,1,0,0,63
Lucknow Super Giants vs Mumbai Indians,Mumbai Indians,Piyush Chawla,3,0,26,1,8.66,5,0,2,0,0,63
Lucknow Super Giants vs Mumbai Indians,Mumbai Indians,Akash Madhwal,4,0,30,0,7.5,7,1,1,2,0,63
Lucknow Super Giants vs Mumbai Indians,Mumbai Indians,Cameron Green,2,0,16,0,8,5,1,1,0,0,63
Lucknow Super Giants vs Mumbai Indians,Lucknow Super Giants,Krunal Pandya,4,0,27,0,6.75,10,4,0,0,0,63
Lucknow Super Giants vs Mumbai Indians,Lucknow Super Giants,Mohsin Khan,3,0,26,1,8.66,8,1,2,2,0,63
Lucknow Super Giants vs Mumbai Indians,Lucknow Super Giants,Naveen-ul-Haq,4,0,37,0,9.25,8,1,3,0,1,63
Lucknow Super Giants vs Mumbai Indians,Lucknow Super Giants,Yash Thakur,4,0,40,2,10,9,2,2,5,1,63
Lucknow Super Giants vs Mumbai Indians,Lucknow Super Giants,Swapnil Singh,1,0,11,0,11,1,2,0,0,0,63
Lucknow Super Giants vs Mumbai Indians,Lucknow Super Giants,Ravi Bishnoi,4,0,26,2,6.5,9,2,0,1,0,63
Delhi Capitals vs Punjab Kings,Punjab Kings,Sam Curran,4,0,36,2,9,9,4,1,1,0,64
Delhi Capitals vs Punjab Kings,Punjab Kings,Kagiso Rabada,3,0,36,0,12,8,2,4,0,0,64
Delhi Capitals vs Punjab Kings,Punjab Kings,Arshdeep Singh,2,0,21,0,10.5,4,2,1,2,0,64
Delhi Capitals vs Punjab Kings,Punjab Kings,Nathan Ellis,4,0,46,0,11.5,6,5,2,0,0,64
Delhi Capitals vs Punjab Kings,Punjab Kings,Rahul Chahar,4,0,35,0,8.75,7,4,1,0,0,64
Delhi Capitals vs Punjab Kings,Punjab Kings,Harpreet Brar,3,0,39,0,13,2,3,2,2,0,64
Delhi Capitals vs Punjab Kings,Delhi Capitals,Khaleel Ahmed,3,1,20,1,6.66,14,1,2,0,1,64
Delhi Capitals vs Punjab Kings,Delhi Capitals,Ishant Sharma,3,0,36,2,12,10,5,2,0,1,64
Delhi Capitals vs Punjab Kings,Delhi Capitals,Anrich Nortje,4,0,36,2,9,11,2,3,0,0,64
Delhi Capitals vs Punjab Kings,Delhi Capitals,Mukesh Kumar,4,0,52,0,13,8,3,5,1,0,64
Delhi Capitals vs Punjab Kings,Delhi Capitals,Axar Patel,3,0,27,1,9,3,4,0,0,0,64
Delhi Capitals vs Punjab Kings,Delhi Capitals,Kuldeep Yadav,3,0,21,0,7,4,0,1,1,0,64
Sunrisers Hyderabad vs Royal Challengers Bangalore,Royal Challengers Bangalore,Mohammed Siraj,4,0,17,1,4.25,16,2,0,2,0,65
Sunrisers Hyderabad vs Royal Challengers Bangalore,Royal Challengers Bangalore,Wayne Parnell,4,0,35,0,8.75,5,3,1,0,0,65
Sunrisers Hyderabad vs Royal Challengers Bangalore,Royal Challengers Bangalore,Michael Bracewell,2,0,13,2,6.5,5,2,0,0,0,65
Sunrisers Hyderabad vs Royal Challengers Bangalore,Royal Challengers Bangalore,Shahbaz Ahmed,3,0,38,1,12.66,4,4,2,0,0,65
Sunrisers Hyderabad vs Royal Challengers Bangalore,Royal Challengers Bangalore,Harshal Patel,4,0,37,1,9.25,4,3,1,1,0,65
Sunrisers Hyderabad vs Royal Challengers Bangalore,Royal Challengers Bangalore,Karn Sharma,3,0,45,0,15,0,1,4,1,0,65
Sunrisers Hyderabad vs Royal Challengers Bangalore,Sunrisers Hyderabad,Bhuvneshwar Kumar,4,0,48,1,12,10,7,2,1,0,65
Sunrisers Hyderabad vs Royal Challengers Bangalore,Sunrisers Hyderabad,Abhishek Sharma,3,0,28,0,9.33,5,3,1,1,0,65
Sunrisers Hyderabad vs Royal Challengers Bangalore,Sunrisers Hyderabad,T Natarajan,4,0,34,1,8.5,6,3,1,1,0,65
Sunrisers Hyderabad vs Royal Challengers Bangalore,Sunrisers Hyderabad,Kartik Tyagi,1.2,0,21,0,15.75,1,4,0,1,0,65
Sunrisers Hyderabad vs Royal Challengers Bangalore,Sunrisers Hyderabad,Nitish Kumar Reddy,2,0,19,0,9.5,3,1,1,0,1,65
Sunrisers Hyderabad vs Royal Challengers Bangalore,Sunrisers Hyderabad,Mayank Dagar,4,0,25,0,6.25,8,1,1,0,0,65
Sunrisers Hyderabad vs Royal Challengers Bangalore,Sunrisers Hyderabad,Glenn Phillips,1,0,10,0,10,1,1,0,0,0,65
Punjab Kings vs Rajasthan Royals,Rajasthan Royals,Trent Boult,4,0,35,1,8.75,12,3,2,1,0,66
Punjab Kings vs Rajasthan Royals,Rajasthan Royals,Sandeep Sharma,4,0,46,0,11.5,6,3,3,2,1,66
Punjab Kings vs Rajasthan Royals,Rajasthan Royals,Navdeep Saini,4,0,40,3,10,9,6,1,1,0,66
Punjab Kings vs Rajasthan Royals,Rajasthan Royals,Adam Zampa,4,0,26,1,6.5,6,2,0,0,0,66
Punjab Kings vs Rajasthan Royals,Rajasthan Royals,Yuzvendra Chahal,4,0,40,0,10,9,3,3,1,0,66
Punjab Kings vs Rajasthan Royals,Punjab Kings,Sam Curran,4,0,46,1,11.5,9,8,1,2,0,66
Punjab Kings vs Rajasthan Royals,Punjab Kings,Kagiso Rabada,4,0,40,2,10,12,2,4,1,1,66
Punjab Kings vs Rajasthan Royals,Punjab Kings,Arshdeep Singh,4,0,40,1,10,11,4,2,3,0,66
Punjab Kings vs Rajasthan Royals,Punjab Kings,Nathan Ellis,4,0,34,1,8.5,8,3,1,1,0,66
Punjab Kings vs Rajasthan Royals,Punjab Kings,Rahul Chahar,3.4,0,28,1,7.63,5,1,1,0,0,66
Chennai Super Kings vs Delhi Capitals,Delhi Capitals,Khaleel Ahmed,4,0,45,1,11.25,9,4,3,2,1,67
Chennai Super Kings vs Delhi Capitals,Delhi Capitals,Lalit Yadav,2,0,32,0,16,1,3,2,2,0,67
Chennai Super Kings vs Delhi Capitals,Delhi Capitals,Axar Patel,3,0,32,0,10.66,3,0,3,0,0,67
Chennai Super Kings vs Delhi Capitals,Delhi Capitals,Anrich Nortje,4,0,43,1,10.75,8,4,3,0,0,67
Chennai Super Kings vs Delhi Capitals,Delhi Capitals,Chetan Sakariya,4,0,36,1,9,9,5,0,3,1,67
Chennai Super Kings vs Delhi Capitals,Delhi Capitals,Kuldeep Yadav,3,0,34,0,11.33,2,1,3,0,0,67
Chennai Super Kings vs Delhi Capitals,Chennai Super Kings,Deepak Chahar,4,0,22,3,5.5,14,2,1,0,0,67
Chennai Super Kings vs Delhi Capitals,Chennai Super Kings,Tushar Deshpande,4,0,26,1,6.5,12,4,0,1,0,67
Chennai Super Kings vs Delhi Capitals,Chennai Super Kings,Maheesh Theekshana,4,1,23,2,5.75,11,1,1,0,0,67
Chennai Super Kings vs Delhi Capitals,Chennai Super Kings,Ravindra Jadeja,4,0,50,1,12.5,4,3,4,1,0,67
Chennai Super Kings vs Delhi Capitals,Chennai Super Kings,Matheesha Pathirana,4,0,22,2,5.5,11,1,0,5,0,67
Lucknow Super Giants vs Kolkata Knight Riders,Kolkata Knight Riders,Harshit Rana,3,0,21,1,7,11,3,1,0,0,68
Lucknow Super Giants vs Kolkata Knight Riders,Kolkata Knight Riders,Vaibhav Arora,4,0,30,2,7.5,9,1,1,3,1,68
Lucknow Super Giants vs Kolkata Knight Riders,Kolkata Knight Riders,Varun Chakravarthy,4,0,38,1,9.5,10,4,2,0,0,68
Lucknow Super Giants vs Kolkata Knight Riders,Kolkata Knight Riders,Nitish Rana,1,0,3,0,3,4,0,0,0,0,68
Lucknow Super Giants vs Kolkata Knight Riders,Kolkata Knight Riders,Shardul Thakur,2,0,27,2,13.5,3,0,3,1,1,68
Lucknow Super Giants vs Kolkata Knight Riders,Kolkata Knight Riders,Sunil Narine,4,0,28,2,7,8,2,1,1,0,68
Lucknow Super Giants vs Kolkata Knight Riders,Kolkata Knight Riders,Suyash Sharma,1,0,12,0,12,2,1,1,0,0,68
Lucknow Super Giants vs Kolkata Knight Riders,Kolkata Knight Riders,Andre Russell,1,0,12,0,12,2,1,1,0,0,68
Lucknow Super Giants vs Kolkata Knight Riders,Lucknow Super Giants,Mohsin Khan,1,0,15,0,15,2,2,1,0,0,68
Lucknow Super Giants vs Kolkata Knight Riders,Lucknow Super Giants,Naveen-ul-Haq,4,0,46,0,11.5,8,6,2,0,0,68
Lucknow Super Giants vs Kolkata Knight Riders,Lucknow Super Giants,Krunal Pandya,4,0,30,1,7.5,9,5,0,0,0,68
Lucknow Super Giants vs Kolkata Knight Riders,Lucknow Super Giants,Krishnappa Gowtham,4,0,26,1,6.5,9,2,0,2,0,68
Lucknow Super Giants vs Kolkata Knight Riders,Lucknow Super Giants,Ravi Bishnoi,4,0,23,2,5.75,10,1,1,0,0,68
Lucknow Super Giants vs Kolkata Knight Riders,Lucknow Super Giants,Yash Thakur,3,0,31,2,10.33,9,1,3,3,0,68
Sunrisers Hyderabad vs Mumbai Indians,Mumbai Indians,Jason Behrendorff,3,0,36,0,12,7,4,2,3,0,69
Sunrisers Hyderabad vs Mumbai Indians,Mumbai Indians,Cameron Green,1,0,2,0,2,4,0,0,0,0,69
Sunrisers Hyderabad vs Mumbai Indians,Mumbai Indians,Chris Jordan,4,0,42,1,10.5,6,5,1,1,0,69
Sunrisers Hyderabad vs Mumbai Indians,Mumbai Indians,Akash Madhwal,4,0,37,4,9.25,7,4,1,0,1,69
Sunrisers Hyderabad vs Mumbai Indians,Mumbai Indians,Piyush Chawla,4,0,39,0,9.75,4,3,2,0,0,69
Sunrisers Hyderabad vs Mumbai Indians,Mumbai Indians,Kumar Kartikeya,4,0,39,0,9.75,6,4,1,1,0,69
Sunrisers Hyderabad vs Mumbai Indians,Sunrisers Hyderabad,Bhuvneshwar Kumar,4,0,26,1,6.5,8,3,0,0,0,69
Sunrisers Hyderabad vs Mumbai Indians,Sunrisers Hyderabad,Nitish Kumar Reddy,3,0,35,0,11.66,7,1,4,0,0,69
Sunrisers Hyderabad vs Mumbai Indians,Sunrisers Hyderabad,Mayank Dagar,4,0,37,1,9.25,9,4,2,0,0,69
Sunrisers Hyderabad vs Mumbai Indians,Sunrisers Hyderabad,Kartik Tyagi,2.5,0,41,0,14.47,4,6,1,0,3,69
Sunrisers Hyderabad vs Mumbai Indians,Sunrisers Hyderabad,Umran Malik,3,0,41,0,13.66,3,7,1,0,0,69
Sunrisers Hyderabad vs Mumbai Indians,Sunrisers Hyderabad,Vivrant Sharma,1,0,19,0,19,1,0,2,1,1,69
Sunrisers Hyderabad vs Mumbai Indians,Sunrisers Hyderabad,Aiden Markram,0.1,0,1,0,6,0,0,0,0,0,69
Royal Challengers Bangalore vs Gujarat Titans,Gujarat Titans,Mohammed Shami,4,0,39,1,9.75,9,7,0,1,0,70
Royal Challengers Bangalore vs Gujarat Titans,Gujarat Titans,Yash Dayal,4,0,39,1,9.75,7,5,1,0,0,70
Royal Challengers Bangalore vs Gujarat Titans,Gujarat Titans,Rashid Khan,4,0,24,1,6,5,1,0,0,0,70
Royal Challengers Bangalore vs Gujarat Titans,Gujarat Titans,Noor Ahmad,4,0,39,2,9.75,6,4,1,2,0,70
Royal Challengers Bangalore vs Gujarat Titans,Gujarat Titans,Mohit Sharma,4,0,54,0,13.5,2,8,1,2,0,70
Royal Challengers Bangalore vs Gujarat Titans,Royal Challengers Bangalore,Mohammed Siraj,4,0,32,2,8,11,2,2,2,0,70
Royal Challengers Bangalore vs Gujarat Titans,Royal Challengers Bangalore,Wayne Parnell,3.1,0,42,0,13.26,7,6,2,1,1,70
Royal Challengers Bangalore vs Gujarat Titans,Royal Challengers Bangalore,Vijaykumar Vyshak,4,0,40,1,10,6,2,2,2,0,70
Royal Challengers Bangalore vs Gujarat Titans,Royal Challengers Bangalore,Himanshu Sharma,3,0,28,0,9.33,4,3,1,0,0,70
Royal Challengers Bangalore vs Gujarat Titans,Royal Challengers Bangalore,Harshal Patel,4,0,29,1,7.25,11,2,1,2,0,70
Royal Challengers Bangalore vs Gujarat Titans,Royal Challengers Bangalore,Michael Bracewell,1,0,16,0,16,2,0,2,0,0,70
Chennai Super Kings vs Gujarat Titans,Gujarat Titans,Mohammed Shami,4,0,28,2,7,10,2,1,0,1,71
Chennai Super Kings vs Gujarat Titans,Gujarat Titans,Darshan Nalkande,4,0,44,1,11,9,4,2,0,1,71
Chennai Super Kings vs Gujarat Titans,Gujarat Titans,Rashid Khan,4,0,37,1,9.25,5,2,1,0,0,71
Chennai Super Kings vs Gujarat Titans,Gujarat Titans,Noor Ahmad,4,0,29,1,7.25,6,3,0,0,0,71
Chennai Super Kings vs Gujarat Titans,Gujarat Titans,Mohit Sharma,4,0,31,2,7.75,4,3,0,0,0,71
Chennai Super Kings vs Gujarat Titans,Chennai Super Kings,Deepak Chahar,4,0,29,2,7.25,10,2,1,3,0,71
Chennai Super Kings vs Gujarat Titans,Chennai Super Kings,Tushar Deshpande,4,0,43,1,10.75,11,6,2,2,0,71
Chennai Super Kings vs Gujarat Titans,Chennai Super Kings,Maheesh Theekshana,4,0,28,2,7,8,1,1,0,0,71
Chennai Super Kings vs Gujarat Titans,Chennai Super Kings,Ravindra Jadeja,4,0,18,2,4.5,12,2,0,0,0,71
Chennai Super Kings vs Gujarat Titans,Chennai Super Kings,Matheesha Pathirana,4,0,37,2,9.25,9,2,1,7,0,71
Mumbai Indians vs Lucknow Super Giants,Lucknow Super Giants,Krunal Pandya,4,0,38,0,9.5,7,5,1,0,0,72
Mumbai Indians vs Lucknow Super Giants,Lucknow Super Giants,Krishnappa Gowtham,1,0,8,0,8,4,2,0,0,0,72
Mumbai Indians vs Lucknow Super Giants,Lucknow Super Giants,Naveen-ul-Haq,4,0,38,4,9.5,10,3,2,3,0,72
Mumbai Indians vs Lucknow Super Giants,Lucknow Super Giants,Yash Thakur,4,0,34,3,8.5,12,3,2,2,0,72
Mumbai Indians vs Lucknow Super Giants,Lucknow Super Giants,Mohsin Khan,3,0,24,1,8,9,1,2,0,0,72
Mumbai Indians vs Lucknow Super Giants,Lucknow Super Giants,Ravi Bishnoi,4,0,30,0,7.5,4,1,1,1,0,72
Mumbai Indians vs Lucknow Super Giants,Mumbai Indians,Jason Behrendorff,3,0,21,0,7,7,3,0,0,0,72
Mumbai Indians vs Lucknow Super Giants,Mumbai Indians,Akash Madhwal,3.3,0,5,5,1.42,17,0,0,0,0,72
Mumbai Indians vs Lucknow Super Giants,Mumbai Indians,Chris Jordan,2,1,7,1,3.5,9,1,0,0,0,72
Mumbai Indians vs Lucknow Super Giants,Mumbai Indians,Cameron Green,3,0,15,0,5,7,1,0,0,0,72
Mumbai Indians vs Lucknow Super Giants,Mumbai Indians,Hrithik Shokeen,1,0,18,0,18,1,2,1,1,0,72
Mumbai Indians vs Lucknow Super Giants,Mumbai Indians,Piyush Chawla,4,0,28,1,7,9,2,1,2,0,72
Gujarat Titans vs Mumbai Indians,Mumbai Indians,Jason Behrendorff,4,0,28,0,7,8,4,0,0,0,73
Gujarat Titans vs Mumbai Indians,Mumbai Indians,Cameron Green,3,0,35,0,11.66,4,3,2,0,0,73
Gujarat Titans vs Mumbai Indians,Mumbai Indians,Akash Madhwal,4,0,52,1,13,7,3,4,0,2,73
Gujarat Titans vs Mumbai Indians,Mumbai Indians,Chris Jordan,4,0,56,0,14,6,6,3,4,0,73
Gujarat Titans vs Mumbai Indians,Mumbai Indians,Piyush Chawla,3,0,45,1,15,0,2,3,1,0,73
Gujarat Titans vs Mumbai Indians,Mumbai Indians,Kumar Kartikeya,2,0,15,0,7.5,2,0,1,0,0,73
Gujarat Titans vs Mumbai Indians,Gujarat Titans,Mohammed Shami,3,0,41,2,13.66,6,6,2,0,0,73
Gujarat Titans vs Mumbai Indians,Gujarat Titans,Hardik Pandya,2,0,24,0,12,4,3,1,1,0,73
Gujarat Titans vs Mumbai Indians,Gujarat Titans,Rashid Khan,4,0,33,2,8.25,8,5,0,1,0,73
Gujarat Titans vs Mumbai Indians,Gujarat Titans,Noor Ahmad,4,0,35,0,8.75,8,1,2,1,1,73
Gujarat Titans vs Mumbai Indians,Gujarat Titans,Josh Little,3,0,26,1,8.66,6,2,1,1,0,73
Gujarat Titans vs Mumbai Indians,Gujarat Titans,Mohit Sharma,2.2,0,10,5,4.28,9,0,1,0,0,73
Gujarat Titans vs Chennai Super Kings,Chennai Super Kings,Deepak Chahar,4,0,38,1,9.5,5,3,1,0,0,74
Gujarat Titans vs Chennai Super Kings,Chennai Super Kings,Tushar Deshpande,4,0,56,0,14,4,7,3,0,0,74
Gujarat Titans vs Chennai Super Kings,Chennai Super Kings,Maheesh Theekshana,4,0,36,0,9,8,3,2,0,0,74
Gujarat Titans vs Chennai Super Kings,Chennai Super Kings,Ravindra Jadeja,4,0,38,1,9.5,3,3,1,0,0,74
Gujarat Titans vs Chennai Super Kings,Chennai Super Kings,Matheesha Pathirana,4,0,44,2,11,7,4,2,2,0,74
Gujarat Titans vs Chennai Super Kings,Gujarat Titans,Mohammed Shami,3,0,29,0,9.66,5,4,0,0,0,74
Gujarat Titans vs Chennai Super Kings,Gujarat Titans,Hardik Pandya,1,0,14,0,14,1,1,1,1,0,74
Gujarat Titans vs Chennai Super Kings,Gujarat Titans,Rashid Khan,3,0,44,0,14.66,2,4,3,0,0,74
Gujarat Titans vs Chennai Super Kings,Gujarat Titans,Noor Ahmad,3,0,17,2,5.66,6,0,0,3,0,74
Gujarat Titans vs Chennai Super Kings,Gujarat Titans,Josh Little,2,0,30,0,15,1,0,3,0,0,74
Gujarat Titans vs Chennai Super Kings,Gujarat Titans,Mohit Sharma,3,0,36,3,12,4,2,3,0,0,74
