match,team_innings,batting_position,batsman_name,,runs,balls,minutes,fours,sixes,strike_rate,out/notout,match_id
England Vs New Zealand,England,1,Jonny Bairstow ,c Mitchell b Santner,33,35,57,4,1,94.28,out,1
England Vs New Zealand,England,2,Dawid Malan ,c †Latham b Henry,14,24,36,2,0,58.33,out,1
England Vs New Zealand,England,3,Joe Root ,b Phillips,77,86,140,4,1,89.53,out,1
England Vs New Zealand,England,4,Harry Brook ,c Conway b Ravindra,25,16,20,4,1,156.25,out,1
England Vs New Zealand,England,5,Moeen Ali ,b Phillips,11,17,20,1,0,64.7,out,1
England Vs New Zealand,England,6,Jos Buttler (c)†,c †Latham b Henry,43,42,48,2,2,102.38,out,1
England Vs New Zealand,England,7,Liam Livingstone ,c Henry b Boult,20,22,23,3,0,90.9,out,1
England Vs New Zealand,England,8,Sam Curran ,c †Latham b Henry,14,19,30,0,0,73.68,out,1
England Vs New Zealand,England,9,Chris Woakes ,c Young b Santner,11,12,15,1,0,91.66,out,1
England Vs New Zealand,England,10,Adil Rashid ,not out,15,13,23,0,1,115.38,not out,1
England Vs New Zealand,England,11,Mark Wood ,not out,13,14,19,0,0,92.85,not out,1
England Vs New Zealand,New Zealand,1,Devon Conway ,not out,152,121,147,19,3,125.61,not out,1
England Vs New Zealand,New Zealand,2,Will Young ,c †Buttler b Curran,0,1,5,0,0,0,out,1
England Vs New Zealand,New Zealand,3,Rachin Ravindra ,not out,123,96,141,11,5,128.12,not out,1
Pakistan Vs Netherlands,Pakistan,1,Fakhar Zaman ,c & b van Beek,12,15,14,3,0,80,out,2
Pakistan Vs Netherlands,Pakistan,2,Imam-ul-Haq ,c Dutt b van Meekeren,15,19,40,2,0,78.94,out,2
Pakistan Vs Netherlands,Pakistan,3,Babar Azam (c),c Saqib Zulfiqar b Ackermann,5,18,20,0,0,27.77,out,2
Pakistan Vs Netherlands,Pakistan,4,Mohammad Rizwan †,b de Leede,68,75,104,8,0,90.66,out,2
Pakistan Vs Netherlands,Pakistan,5,Saud Shakeel ,c Saqib Zulfiqar b Dutt,68,52,84,9,1,130.76,out,2
Pakistan Vs Netherlands,Pakistan,6,Iftikhar Ahmed ,c †Edwards b de Leede,9,11,22,1,0,81.81,out,2
Pakistan Vs Netherlands,Pakistan,7,Mohammad Nawaz ,run out (van Meekeren/Ackermann),39,43,66,4,0,90.69,out,2
Pakistan Vs Netherlands,Pakistan,8,Shadab Khan ,b de Leede,32,34,42,2,1,94.11,out,2
Pakistan Vs Netherlands,Pakistan,9,Hasan Ali ,lbw b de Leede,0,1,2,0,0,0,out,2
Pakistan Vs Netherlands,Pakistan,10,Shaheen Shah Afridi ,not out,13,12,23,2,0,108.33,not out,2
Pakistan Vs Netherlands,Pakistan,11,Haris Rauf ,st †Edwards b Ackermann,16,14,10,2,1,114.28,out,2
Pakistan Vs Netherlands,Netherlands,1,Vikramjit Singh ,c Fakhar Zaman b Shadab Khan,52,67,97,4,1,77.61,out,2
Pakistan Vs Netherlands,Netherlands,2,Max O'Dowd ,c Shaheen Shah Afridi b Hasan Ali,5,12,24,1,0,41.66,out,2
Pakistan Vs Netherlands,Netherlands,3,Colin Ackermann ,b Iftikhar Ahmed,17,21,24,3,0,80.95,out,2
Pakistan Vs Netherlands,Netherlands,4,Bas de Leede ,b Mohammad Nawaz,67,68,92,6,2,98.52,out,2
Pakistan Vs Netherlands,Netherlands,5,Teja Nidamanuru ,c Fakhar Zaman b Haris Rauf,5,9,10,1,0,55.55,out,2
Pakistan Vs Netherlands,Netherlands,6,Scott Edwards (c)†,lbw b Haris Rauf,0,2,2,0,0,0,out,2
Pakistan Vs Netherlands,Netherlands,7,Saqib Zulfiqar ,lbw b Shaheen Shah Afridi,10,18,24,1,0,55.55,out,2
Pakistan Vs Netherlands,Netherlands,8,Roelof van der Merwe ,run out (Babar Azam/†Mohammad Rizwan),4,7,18,0,0,57.14,out,2
Pakistan Vs Netherlands,Netherlands,9,Logan van Beek ,not out,28,28,36,3,1,100,not out,2
Pakistan Vs Netherlands,Netherlands,10,Aryan Dutt ,b Hasan Ali,1,2,6,0,0,50,out,2
Pakistan Vs Netherlands,Netherlands,11,Paul van Meekeren ,b Haris Rauf,7,12,17,1,0,58.33,out,2
Afghanistan Vs Bangladesh,Afghanistan,1,Rahmanullah Gurbaz †,c Tanzid Hasan b Mustafizur Rahman,47,62,112,4,1,75.8,out,3
Afghanistan Vs Bangladesh,Afghanistan,2,Ibrahim Zadran ,c Tanzid Hasan b Shakib Al Hasan,22,25,41,3,1,88,out,3
Afghanistan Vs Bangladesh,Afghanistan,3,Rahmat Shah ,c Litton Das b Shakib Al Hasan,18,25,30,1,0,72,out,3
Afghanistan Vs Bangladesh,Afghanistan,4,Hashmatullah Shahidi (c),c Towhid Hridoy b Mehidy Hasan Miraz,18,38,34,2,0,47.36,out,3
Afghanistan Vs Bangladesh,Afghanistan,5,Najibullah Zadran ,b Shakib Al Hasan,5,13,16,0,0,38.46,out,3
Afghanistan Vs Bangladesh,Afghanistan,6,Mohammad Nabi ,b Taskin Ahmed,6,12,19,0,0,50,out,3
Afghanistan Vs Bangladesh,Afghanistan,7,Azmatullah Omarzai ,b Shoriful Islam,22,20,32,4,0,110,out,3
Afghanistan Vs Bangladesh,Afghanistan,8,Rashid Khan ,b Mehidy Hasan Miraz,9,16,16,1,0,56.25,out,3
Afghanistan Vs Bangladesh,Afghanistan,9,Mujeeb Ur Rahman ,b Mehidy Hasan Miraz,1,4,9,0,0,25,out,3
Afghanistan Vs Bangladesh,Afghanistan,10,Naveen-ul-Haq ,c Towhid Hridoy b Shoriful Islam,0,6,8,0,0,0,out,3
Afghanistan Vs Bangladesh,Afghanistan,11,Fazalhaq Farooqi ,not out,0,3,3,0,0,0,not out,3
Afghanistan Vs Bangladesh,Bangladesh,1,Tanzid Hasan ,run out (Najibullah Zadran),5,13,19,1,0,38.46,out,3
Afghanistan Vs Bangladesh,Bangladesh,2,Litton Das ,b Fazalhaq Farooqi,13,18,29,2,0,72.22,out,3
Afghanistan Vs Bangladesh,Bangladesh,3,Mehidy Hasan Miraz ,c Rahmat Shah b Naveen-ul-Haq,57,73,89,5,0,78.08,out,3
Afghanistan Vs Bangladesh,Bangladesh,4,Najmul Hossain Shanto ,not out,59,83,112,3,1,71.08,not out,3
Afghanistan Vs Bangladesh,Bangladesh,5,Shakib Al Hasan (c),c Fazalhaq Farooqi b Azmatullah Omarzai,14,19,24,2,0,73.68,out,3
Afghanistan Vs Bangladesh,Bangladesh,6,Mushfiqur Rahim †,not out,2,3,6,0,0,66.66,not out,3
South Africa Vs Sri Lanka,South Africa,1,Quinton de Kock †,c de Silva b Pathirana,100,84,140,12,3,119.04,out,4
South Africa Vs Sri Lanka,South Africa,2,Temba Bavuma (c),lbw b Madushanka,8,5,9,2,0,160,out,4
South Africa Vs Sri Lanka,South Africa,3,Rassie van der Dussen ,c Samarawickrama b Wellalage,108,110,161,13,2,98.18,out,4
South Africa Vs Sri Lanka,South Africa,4,Aiden Markram ,c Rajitha b Madushanka,106,54,84,14,3,196.29,out,4
South Africa Vs Sri Lanka,South Africa,5,Heinrich Klaasen ,c Shanaka b Rajitha,32,20,30,1,3,160,out,4
South Africa Vs Sri Lanka,South Africa,6,David Miller ,not out,39,21,36,3,2,185.71,not out,4
South Africa Vs Sri Lanka,South Africa,7,Marco Jansen ,not out,12,7,15,0,1,171.42,not out,4
South Africa Vs Sri Lanka,Sri Lanka,1,Pathum Nissanka ,b Jansen,0,3,6,0,0,0,out,4
South Africa Vs Sri Lanka,Sri Lanka,2,Kusal Perera ,b Jansen,7,15,42,1,0,46.66,out,4
South Africa Vs Sri Lanka,Sri Lanka,3,Kusal Mendis †,c †Klaasen b Rabada,76,42,55,4,8,180.95,out,4
South Africa Vs Sri Lanka,Sri Lanka,4,Sadeera Samarawickrama ,c Jansen b Coetzee,23,19,22,3,1,121.05,out,4
South Africa Vs Sri Lanka,Sri Lanka,5,Charith Asalanka ,c sub (RR Hendricks) b Ngidi,79,65,83,8,4,121.53,out,4
South Africa Vs Sri Lanka,Sri Lanka,6,Dhananjaya de Silva ,c sub (AL Phehlukwayo) b Maharaj,11,14,28,1,0,78.57,out,4
South Africa Vs Sri Lanka,Sri Lanka,7,Dasun Shanaka (c),b Maharaj,68,62,86,6,3,109.67,out,4
South Africa Vs Sri Lanka,Sri Lanka,8,Dunith Wellalage ,c †Klaasen b Coetzee,0,1,2,0,0,0,out,4
South Africa Vs Sri Lanka,Sri Lanka,9,Kasun Rajitha ,c Markram b Coetzee,33,31,52,4,1,106.45,out,4
South Africa Vs Sri Lanka,Sri Lanka,10,Matheesha Pathirana ,b Rabada,5,16,25,1,0,31.25,out,4
South Africa Vs Sri Lanka,Sri Lanka,11,Dilshan Madushanka ,not out,4,2,4,1,0,200,not out,4
Australia Vs India,Australia,1,David Warner ,c & b Kuldeep Yadav,41,52,76,6,0,78.84,out,5
Australia Vs India,Australia,2,Mitchell Marsh ,c Kohli b Bumrah,0,6,11,0,0,0,out,5
Australia Vs India,Australia,3,Steven Smith ,b Jadeja,46,71,112,5,0,64.78,out,5
Australia Vs India,Australia,4,Marnus Labuschagne ,c †Rahul b Jadeja,27,41,58,1,0,65.85,out,5
Australia Vs India,Australia,5,Glenn Maxwell ,b Kuldeep Yadav,15,25,44,1,0,60,out,5
Australia Vs India,Australia,6,Alex Carey †,lbw b Jadeja,0,2,1,0,0,0,out,5
Australia Vs India,Australia,7,Cameron Green ,c Pandya b Ashwin,8,20,31,0,0,40,out,5
Australia Vs India,Australia,8,Pat Cummins (c),c Iyer b Bumrah,15,24,26,1,1,62.5,out,5
Australia Vs India,Australia,9,Mitchell Starc ,c Iyer b Mohammed Siraj,28,35,58,2,1,80,out,5
Australia Vs India,Australia,10,Adam Zampa ,c Kohli b Pandya,6,20,28,0,0,30,out,5
Australia Vs India,Australia,11,Josh Hazlewood ,not out,1,1,6,0,0,100,not out,5
Australia Vs India,India,1,Rohit Sharma (c),lbw b Hazlewood,0,6,10,0,0,0,out,5
Australia Vs India,India,2,Ishan Kishan ,c Green b Starc,0,1,3,0,0,0,out,5
Australia Vs India,India,3,Virat Kohli ,c Labuschagne b Hazlewood,85,116,171,6,0,73.27,out,5
Australia Vs India,India,4,Shreyas Iyer ,c Warner b Hazlewood,0,3,2,0,0,0,out,5
Australia Vs India,India,5,KL Rahul †,not out,97,115,180,8,2,84.34,not out,5
Australia Vs India,India,6,Hardik Pandya ,not out,11,8,17,0,1,137.5,not out,5
New Zealand Vs Netherlands,New Zealand,1,Devon Conway ,c de Leede b van der Merwe,32,40,51,5,1,80,out,6
New Zealand Vs Netherlands,New Zealand,2,Will Young ,c de Leede b van Meekeren,70,80,106,7,2,87.5,out,6
New Zealand Vs Netherlands,New Zealand,3,Rachin Ravindra ,c †Edwards b van der Merwe,51,51,87,3,1,100,out,6
New Zealand Vs Netherlands,New Zealand,4,Daryl Mitchell ,b van Meekeren,48,47,67,5,2,102.12,out,6
New Zealand Vs Netherlands,New Zealand,5,Tom Latham (c)†,st †Edwards b Dutt,53,46,72,6,1,115.21,out,6
New Zealand Vs Netherlands,New Zealand,6,Glenn Phillips ,c †Edwards b de Leede,4,4,6,1,0,100,out,6
New Zealand Vs Netherlands,New Zealand,7,Mark Chapman ,c van der Merwe b Dutt,5,13,11,0,0,38.46,out,6
New Zealand Vs Netherlands,New Zealand,8,Mitchell Santner ,not out,36,17,25,3,2,211.76,not out,6
New Zealand Vs Netherlands,New Zealand,9,Matt Henry ,not out,10,4,6,0,1,250,not out,6
New Zealand Vs Netherlands,Netherlands,1,Vikramjit Singh ,b Henry,12,20,22,1,0,60,out,6
New Zealand Vs Netherlands,Netherlands,2,Max O'Dowd ,lbw b Santner,16,31,40,2,0,51.61,out,6
New Zealand Vs Netherlands,Netherlands,3,Colin Ackermann ,c Henry b Santner,69,73,98,5,0,94.52,out,6
New Zealand Vs Netherlands,Netherlands,4,Bas de Leede ,c Boult b Ravindra,18,25,21,3,0,72,out,6
New Zealand Vs Netherlands,Netherlands,5,Teja Nidamanuru ,run out (Ferguson/†Latham),21,26,28,2,1,80.76,out,6
New Zealand Vs Netherlands,Netherlands,6,Scott Edwards (c)†,c & b Santner,30,27,37,2,1,111.11,out,6
New Zealand Vs Netherlands,Netherlands,7,Sybrand Engelbrecht ,c Conway b Henry,29,34,55,3,0,85.29,out,6
New Zealand Vs Netherlands,Netherlands,8,Roelof van der Merwe ,c Henry b Santner,1,6,9,0,0,16.66,out,6
New Zealand Vs Netherlands,Netherlands,9,Ryan Klein ,lbw b Santner,8,15,23,0,0,53.33,out,6
New Zealand Vs Netherlands,Netherlands,10,Aryan Dutt ,b Henry,11,20,19,0,1,55,out,6
New Zealand Vs Netherlands,Netherlands,11,Paul van Meekeren ,not out,4,3,5,1,0,133.33,not out,6
England Vs Bangladesh,England,1,Jonny Bairstow ,b Shakib Al Hasan,52,59,80,8,0,88.13,out,7
England Vs Bangladesh,England,2,Dawid Malan ,b Mahedi Hasan,140,107,106,16,5,130.84,out,7
England Vs Bangladesh,England,3,Joe Root ,c †Mushfiqur Rahim b Shoriful Islam,82,68,107,8,1,120.58,out,7
England Vs Bangladesh,England,4,Jos Buttler (c)†,b Shoriful Islam,20,10,11,1,1,200,out,7
England Vs Bangladesh,England,5,Harry Brook ,c Litton Das b Mahedi Hasan,20,15,23,3,0,133.33,out,7
England Vs Bangladesh,England,6,Liam Livingstone ,b Shoriful Islam,0,1,1,0,0,0,out,7
England Vs Bangladesh,England,7,Sam Curran ,c Najmul Hossain Shanto b Mahedi Hasan,11,15,20,1,0,73.33,out,7
England Vs Bangladesh,England,8,Chris Woakes ,c Mahedi Hasan b Taskin Ahmed,14,11,21,2,0,127.27,out,7
England Vs Bangladesh,England,9,Adil Rashid ,c Najmul Hossain Shanto b Mahedi Hasan,11,7,8,1,0,157.14,out,7
England Vs Bangladesh,England,10,Mark Wood ,not out,6,5,6,1,0,120,not out,7
England Vs Bangladesh,England,11,Reece Topley ,not out,1,2,2,0,0,50,not out,7
England Vs Bangladesh,Bangladesh,1,Litton Das ,c †Buttler b Woakes,76,66,99,7,2,115.15,out,7
England Vs Bangladesh,Bangladesh,2,Tanzid Hasan ,c Bairstow b Topley,1,2,7,0,0,50,out,7
England Vs Bangladesh,Bangladesh,3,Najmul Hossain Shanto ,c Livingstone b Topley,0,1,1,0,0,0,out,7
England Vs Bangladesh,Bangladesh,4,Shakib Al Hasan (c),b Topley,1,9,16,0,0,11.11,out,7
England Vs Bangladesh,Bangladesh,5,Mehidy Hasan Miraz ,c †Buttler b Woakes,8,7,12,1,0,114.28,out,7
England Vs Bangladesh,Bangladesh,6,Mushfiqur Rahim †,c Rashid b Topley,51,64,93,4,0,79.68,out,7
England Vs Bangladesh,Bangladesh,7,Towhid Hridoy ,c †Buttler b Livingstone,39,61,70,2,0,63.93,out,7
England Vs Bangladesh,Bangladesh,8,Mahedi Hasan ,b Rashid,14,32,39,1,0,43.75,out,7
England Vs Bangladesh,Bangladesh,9,Taskin Ahmed ,b Curran,15,25,35,0,1,60,out,7
England Vs Bangladesh,Bangladesh,10,Shoriful Islam ,b Wood,12,14,17,2,0,85.71,out,7
England Vs Bangladesh,Bangladesh,11,Mustafizur Rahman ,not out,3,9,12,0,0,33.33,not out,7
Sri Lanka Vs Pakistan,Sri Lanka,1,Pathum Nissanka ,c Abdullah Shafique b Shadab Khan,51,61,79,7,1,83.6,out,8
Sri Lanka Vs Pakistan,Sri Lanka,2,Kusal Perera ,c †Mohammad Rizwan b Hasan Ali,0,4,7,0,0,0,out,8
Sri Lanka Vs Pakistan,Sri Lanka,3,Kusal Mendis †,c Imam-ul-Haq b Hasan Ali,122,77,124,14,6,158.44,out,8
Sri Lanka Vs Pakistan,Sri Lanka,4,Sadeera Samarawickrama ,c †Mohammad Rizwan b Hasan Ali,108,89,139,11,2,121.34,out,8
Sri Lanka Vs Pakistan,Sri Lanka,5,Charith Asalanka ,c †Mohammad Rizwan b Hasan Ali,1,3,5,0,0,33.33,out,8
Sri Lanka Vs Pakistan,Sri Lanka,6,Dhananjaya de Silva ,c Shaheen Shah Afridi b Mohammad Nawaz,25,34,47,3,0,73.52,out,8
Sri Lanka Vs Pakistan,Sri Lanka,7,Dasun Shanaka (c),c Babar Azam b Shaheen Shah Afridi,12,18,23,0,0,66.66,out,8
Sri Lanka Vs Pakistan,Sri Lanka,8,Dunith Wellalage ,c Abdullah Shafique b Haris Rauf,10,8,18,1,0,125,out,8
Sri Lanka Vs Pakistan,Sri Lanka,9,Maheesh Theekshana ,b Haris Rauf,0,4,6,0,0,0,out,8
Sri Lanka Vs Pakistan,Sri Lanka,10,Matheesha Pathirana ,not out,1,3,3,0,0,33.33,not out,8
Sri Lanka Vs Pakistan,Pakistan,1,Abdullah Shafique ,c sub (MADI Hemantha) b Pathirana,113,103,150,10,3,109.7,out,8
Sri Lanka Vs Pakistan,Pakistan,2,Imam-ul-Haq ,c Perera b Madushanka,12,12,15,1,0,100,out,8
Sri Lanka Vs Pakistan,Pakistan,3,Babar Azam (c),c †Samarawickrama b Madushanka,10,15,17,1,0,66.66,out,8
Sri Lanka Vs Pakistan,Pakistan,4,Mohammad Rizwan †,not out,131,121,193,8,3,108.26,not out,8
Sri Lanka Vs Pakistan,Pakistan,5,Saud Shakeel ,c Wellalage b Theekshana,31,30,57,2,0,103.33,out,8
Sri Lanka Vs Pakistan,Pakistan,6,Iftikhar Ahmed ,not out,22,10,18,4,0,220,not out,8
Afghanistan Vs India,Afghanistan,1,Rahmanullah Gurbaz †,c Thakur b Pandya,21,28,65,3,1,75,out,9
Afghanistan Vs India,Afghanistan,2,Ibrahim Zadran ,c †Rahul b Bumrah,22,28,31,4,0,78.57,out,9
Afghanistan Vs India,Afghanistan,3,Rahmat Shah ,lbw b Thakur,16,22,37,3,0,72.72,out,9
Afghanistan Vs India,Afghanistan,4,Hashmatullah Shahidi (c),lbw b Kuldeep Yadav,80,88,128,8,1,90.9,out,9
Afghanistan Vs India,Afghanistan,5,Azmatullah Omarzai ,b Pandya,62,69,82,2,4,89.85,out,9
Afghanistan Vs India,Afghanistan,6,Mohammad Nabi ,lbw b Bumrah,19,27,52,1,0,70.37,out,9
Afghanistan Vs India,Afghanistan,7,Najibullah Zadran ,c Kohli b Bumrah,2,8,6,0,0,25,out,9
Afghanistan Vs India,Afghanistan,8,Rashid Khan ,c Kuldeep Yadav b Bumrah,16,12,18,1,1,133.33,out,9
Afghanistan Vs India,Afghanistan,9,Mujeeb Ur Rahman ,not out,10,12,22,2,0,83.33,not out,9
Afghanistan Vs India,Afghanistan,10,Naveen-ul-Haq ,not out,9,8,8,1,0,112.5,not out,9
Afghanistan Vs India,India,1,Rohit Sharma (c),b Rashid Khan,131,84,111,16,5,155.95,out,9
Afghanistan Vs India,India,2,Ishan Kishan ,c Ibrahim Zadran b Rashid Khan,47,47,78,5,2,100,out,9
Afghanistan Vs India,India,3,Virat Kohli ,not out,55,56,64,6,0,98.21,not out,9
Afghanistan Vs India,India,4,Shreyas Iyer ,not out,25,23,31,1,1,108.69,not out,9
South Africa Vs Australia,South Africa,1,Quinton de Kock †,b Maxwell,109,106,147,8,5,102.83,out,10
South Africa Vs Australia,South Africa,2,Temba Bavuma (c),c Warner b Maxwell,35,55,84,2,0,63.63,out,10
South Africa Vs Australia,South Africa,3,Rassie van der Dussen ,c sub (SA Abbott) b Zampa,26,30,33,2,0,86.66,out,10
South Africa Vs Australia,South Africa,4,Aiden Markram ,c Hazlewood b Cummins,56,44,61,7,1,127.27,out,10
South Africa Vs Australia,South Africa,5,Heinrich Klaasen ,c †Inglis b Hazlewood,29,27,40,3,0,107.4,out,10
South Africa Vs Australia,South Africa,6,David Miller ,b Starc,17,13,35,1,1,130.76,out,10
South Africa Vs Australia,South Africa,7,Marco Jansen ,c Warner b Starc,26,22,25,3,1,118.18,out,10
South Africa Vs Australia,South Africa,8,Kagiso Rabada ,not out,0,1,4,0,0,0,not out,10
South Africa Vs Australia,South Africa,9,Keshav Maharaj ,not out,0,2,1,0,0,0,not out,10
South Africa Vs Australia,Australia,1,Mitchell Marsh ,c Bavuma b Jansen,7,15,27,0,0,46.66,out,10
South Africa Vs Australia,Australia,2,David Warner ,c van der Dussen b Ngidi,13,27,33,2,0,48.14,out,10
South Africa Vs Australia,Australia,3,Steven Smith ,lbw b Rabada,19,16,20,4,0,118.75,out,10
South Africa Vs Australia,Australia,4,Marnus Labuschagne ,c Bavuma b Maharaj,46,74,125,3,0,62.16,out,10
South Africa Vs Australia,Australia,5,Josh Inglis †,b Rabada,5,4,5,1,0,125,out,10
South Africa Vs Australia,Australia,6,Glenn Maxwell ,c & b Maharaj,3,17,17,0,0,17.64,out,10
South Africa Vs Australia,Australia,7,Marcus Stoinis ,c †de Kock b Rabada,5,4,6,1,0,125,out,10
South Africa Vs Australia,Australia,8,Mitchell Starc ,c †de Kock b Jansen,27,51,69,3,0,52.94,out,10
South Africa Vs Australia,Australia,9,Pat Cummins (c),c Miller b Shamsi,22,21,29,4,0,104.76,out,10
South Africa Vs Australia,Australia,10,Adam Zampa ,not out,11,16,25,1,0,68.75,not out,10
South Africa Vs Australia,Australia,11,Josh Hazlewood ,c Rabada b Shamsi,2,2,1,0,0,100,out,10
Bangladesh Vs New Zealand,Bangladesh,1,Litton Das ,c Henry b Boult,0,1,1,0,0,0,out,11
Bangladesh Vs New Zealand,Bangladesh,2,Tanzid Hasan ,c Conway b Ferguson,16,17,37,4,0,94.11,out,11
Bangladesh Vs New Zealand,Bangladesh,3,Mehidy Hasan Miraz ,c Henry b Ferguson,30,46,52,4,0,65.21,out,11
Bangladesh Vs New Zealand,Bangladesh,4,Najmul Hossain Shanto ,c Conway b Phillips,7,8,20,1,0,87.5,out,11
Bangladesh Vs New Zealand,Bangladesh,5,Shakib Al Hasan (c),c †Latham b Ferguson,40,51,75,3,2,78.43,out,11
Bangladesh Vs New Zealand,Bangladesh,6,Mushfiqur Rahim †,b Henry,66,75,93,6,2,88,out,11
Bangladesh Vs New Zealand,Bangladesh,7,Towhid Hridoy ,c Santner b Boult,13,25,30,0,0,52,out,11
Bangladesh Vs New Zealand,Bangladesh,8,Mahmudullah ,not out,41,49,58,2,2,83.67,not out,11
Bangladesh Vs New Zealand,Bangladesh,9,Taskin Ahmed ,c Mitchell b Santner,17,19,25,0,2,89.47,out,11
Bangladesh Vs New Zealand,Bangladesh,10,Mustafizur Rahman ,c †Latham b Henry,4,10,14,0,0,40,out,11
Bangladesh Vs New Zealand,New Zealand,,,,,,,,,,out,11
Bangladesh Vs New Zealand,New Zealand,1,Devon Conway ,lbw b Shakib Al Hasan,45,59,91,3,0,76.27,out,11
Bangladesh Vs New Zealand,New Zealand,2,Rachin Ravindra ,c †Mushfiqur Rahim b Mustafizur Rahman,9,13,12,2,0,69.23,out,11
Bangladesh Vs New Zealand,New Zealand,3,Kane Williamson (c),retired hurt,78,107,158,8,1,72.89,out,11
Bangladesh Vs New Zealand,New Zealand,4,Daryl Mitchell ,not out,89,67,103,6,4,132.83,not out,11
Bangladesh Vs New Zealand,New Zealand,5,Glenn Phillips ,not out,16,11,22,1,1,145.45,not out,11
Pakistan Vs India,Pakistan,1,Abdullah Shafique ,lbw b Mohammed Siraj,20,24,39,3,0,83.33,out,12
Pakistan Vs India,Pakistan,2,Imam-ul-Haq ,c †Rahul b Pandya,36,38,64,6,0,94.73,out,12
Pakistan Vs India,Pakistan,3,Babar Azam (c),b Mohammed Siraj,50,58,89,7,0,86.2,out,12
Pakistan Vs India,Pakistan,4,Mohammad Rizwan †,b Bumrah,49,69,89,7,0,71.01,out,12
Pakistan Vs India,Pakistan,5,Saud Shakeel ,lbw b Kuldeep Yadav,6,10,12,0,0,60,out,12
Pakistan Vs India,Pakistan,6,Iftikhar Ahmed ,b Kuldeep Yadav,4,4,2,1,0,100,out,12
Pakistan Vs India,Pakistan,7,Shadab Khan ,b Bumrah,2,5,11,0,0,40,out,12
Pakistan Vs India,Pakistan,8,Mohammad Nawaz ,c Bumrah b Pandya,4,14,25,0,0,28.57,out,12
Pakistan Vs India,Pakistan,9,Hasan Ali ,c Shubman Gill b Jadeja,12,19,21,2,0,63.15,out,12
Pakistan Vs India,Pakistan,10,Shaheen Shah Afridi ,not out,2,10,12,0,0,20,not out,12
Pakistan Vs India,Pakistan,11,Haris Rauf ,lbw b Jadeja,2,6,9,0,0,33.33,out,12
Pakistan Vs India,India,1,Rohit Sharma (c),c Iftikhar Ahmed b Shaheen Shah Afridi,86,63,91,6,6,136.5,out,12
Pakistan Vs India,India,2,Shubman Gill ,c Shadab Khan b Shaheen Shah Afridi,16,11,11,4,0,145.45,out,12
Pakistan Vs India,India,3,Virat Kohli ,c Mohammad Nawaz b Hasan Ali,16,18,31,3,0,88.88,out,12
Pakistan Vs India,India,4,Shreyas Iyer ,not out,53,62,80,3,2,85.48,not out,12
Pakistan Vs India,India,5,KL Rahul †,not out,19,29,33,2,0,65.51,not out,12
Afghanistan Vs England,Afghanistan,1,Rahmanullah Gurbaz ,run out (sub [DJ Willey]/†Buttler),80,57,87,8,4,140.35,out,13
Afghanistan Vs England,Afghanistan,2,Ibrahim Zadran ,c Root b Rashid,28,48,73,3,0,58.33,out,13
Afghanistan Vs England,Afghanistan,3,Rahmat Shah ,st †Buttler b Rashid,3,8,10,0,0,37.5,out,13
Afghanistan Vs England,Afghanistan,4,Hashmatullah Shahidi (c),b Root,14,36,46,0,0,38.88,out,13
Afghanistan Vs England,Afghanistan,5,Azmatullah Omarzai ,c Woakes b Livingstone,19,24,25,1,1,79.16,out,13
Afghanistan Vs England,Afghanistan,6,Ikram Alikhil †,c Curran b Topley,58,66,92,3,2,87.87,out,13
Afghanistan Vs England,Afghanistan,7,Mohammad Nabi ,c Root b Wood,9,15,14,1,0,60,out,13
Afghanistan Vs England,Afghanistan,8,Rashid Khan ,c Root b Rashid,23,22,37,3,0,104.54,out,13
Afghanistan Vs England,Afghanistan,9,Mujeeb Ur Rahman ,c Root b Wood,28,16,22,3,1,175,out,13
Afghanistan Vs England,Afghanistan,10,Naveen-ul-Haq ,run out (†Buttler),5,6,9,1,0,83.33,out,13
Afghanistan Vs England,Afghanistan,11,Fazalhaq Farooqi ,not out,2,4,7,0,0,50,not out,13
Afghanistan Vs England,England,1,Jonny Bairstow ,lbw b Fazalhaq Farooqi,2,4,5,0,0,50,out,13
Afghanistan Vs England,England,2,Dawid Malan ,c Ibrahim Zadran b Mohammad Nabi,32,39,61,4,0,82.05,out,13
Afghanistan Vs England,England,3,Joe Root ,b Mujeeb Ur Rahman,11,17,23,2,0,64.7,out,13
Afghanistan Vs England,England,4,Harry Brook ,c †Ikram Alikhil b Mujeeb Ur Rahman,66,61,123,7,1,108.19,out,13
Afghanistan Vs England,England,5,Jos Buttler (c)†,b Naveen-ul-Haq,9,18,21,1,0,50,out,13
Afghanistan Vs England,England,6,Liam Livingstone ,lbw b Rashid Khan,10,14,15,1,0,71.42,out,13
Afghanistan Vs England,England,7,Sam Curran ,c Rahmat Shah b Mohammad Nabi,10,23,22,0,0,43.47,out,13
Afghanistan Vs England,England,8,Chris Woakes ,b Mujeeb Ur Rahman,9,26,21,1,0,34.61,out,13
Afghanistan Vs England,England,9,Adil Rashid ,c Mohammad Nabi b Rashid Khan,20,13,24,2,0,153.84,out,13
Afghanistan Vs England,England,10,Mark Wood ,b Rashid Khan,18,22,26,3,0,81.81,out,13
Afghanistan Vs England,England,11,Reece Topley ,not out,15,7,8,3,0,214.28,not out,13
Sri Lanka Vs Australia,Sri Lanka,1,Pathum Nissanka ,c Warner b Cummins,61,67,103,8,0,91.04,out,14
Sri Lanka Vs Australia,Sri Lanka,2,Kusal Perera ,b Cummins,78,82,123,12,0,95.12,out,14
Sri Lanka Vs Australia,Sri Lanka,3,Kusal Mendis (c)†,c Warner b Zampa,9,13,27,0,0,69.23,out,14
Sri Lanka Vs Australia,Sri Lanka,4,Sadeera Samarawickrama ,lbw b Zampa,8,8,15,1,0,100,out,14
Sri Lanka Vs Australia,Sri Lanka,5,Charith Asalanka ,c Labuschagne b Maxwell,25,39,75,0,1,64.1,out,14
Sri Lanka Vs Australia,Sri Lanka,6,Dhananjaya de Silva ,b Starc,7,13,13,1,0,53.84,out,14
Sri Lanka Vs Australia,Sri Lanka,7,Dunith Wellalage ,run out (Cummins),2,9,9,0,0,22.22,out,14
Sri Lanka Vs Australia,Sri Lanka,8,Chamika Karunaratne ,lbw b Zampa,2,11,12,0,0,18.18,out,14
Sri Lanka Vs Australia,Sri Lanka,9,Maheesh Theekshana ,lbw b Zampa,0,5,7,0,0,0,out,14
Sri Lanka Vs Australia,Sri Lanka,10,Lahiru Kumara ,b Starc,4,8,6,1,0,50,out,14
Sri Lanka Vs Australia,Sri Lanka,11,Dilshan Madushanka ,not out,0,6,12,0,0,0,not out,14
Sri Lanka Vs Australia,Australia,1,Mitchell Marsh ,run out (Karunaratne/†Mendis),52,51,67,9,0,101.96,out,14
Sri Lanka Vs Australia,Australia,2,David Warner ,lbw b Madushanka,11,6,16,0,1,183.33,out,14
Sri Lanka Vs Australia,Australia,3,Steven Smith ,lbw b Madushanka,0,5,4,0,0,0,out,14
Sri Lanka Vs Australia,Australia,4,Marnus Labuschagne ,c Karunaratne b Madushanka,40,60,100,2,0,66.66,out,14
Sri Lanka Vs Australia,Australia,5,Josh Inglis †,c Theekshana b Wellalage,58,59,75,5,1,98.3,out,14
Sri Lanka Vs Australia,Australia,6,Glenn Maxwell ,not out,31,21,30,4,2,147.61,not out,14
Sri Lanka Vs Australia,Australia,7,Marcus Stoinis ,not out,20,10,10,2,1,200,not out,14
Netherlands Vs South Africa,Netherlands,1,Vikramjit Singh ,c Klaasen b Rabada,2,16,28,0,0,12.5,out,15
Netherlands Vs South Africa,Netherlands,2,Max O'Dowd ,c †de Kock b Jansen,18,25,33,4,0,72,out,15
Netherlands Vs South Africa,Netherlands,3,Colin Ackermann ,b Coetzee,12,25,40,1,0,48,out,15
Netherlands Vs South Africa,Netherlands,4,Bas de Leede ,lbw b Rabada,2,7,16,0,0,28.57,out,15
Netherlands Vs South Africa,Netherlands,5,Sybrand Engelbrecht ,c Jansen b Ngidi,19,37,41,1,1,51.35,out,15
Netherlands Vs South Africa,Netherlands,6,Teja Nidamanuru ,lbw b Jansen,20,25,56,3,0,80,out,15
Netherlands Vs South Africa,Netherlands,7,Scott Edwards (c)†,not out,78,69,102,10,1,113.04,not out,15
Netherlands Vs South Africa,Netherlands,8,Logan van Beek ,st †de Kock b Maharaj,10,27,22,1,0,37.03,out,15
Netherlands Vs South Africa,Netherlands,9,Roelof van der Merwe ,c †de Kock b Ngidi,29,19,30,3,1,152.63,out,15
Netherlands Vs South Africa,Netherlands,10,Aryan Dutt ,not out,23,9,14,0,3,255.55,not out,15
Netherlands Vs South Africa,South Africa,1,Temba Bavuma (c),b van der Merwe,16,31,35,2,1,51.61,out,15
Netherlands Vs South Africa,South Africa,2,Quinton de Kock †,c †Edwards b Ackermann,20,22,28,3,0,90.9,out,15
Netherlands Vs South Africa,South Africa,3,Rassie van der Dussen ,c Dutt b van der Merwe,4,7,16,0,0,57.14,out,15
Netherlands Vs South Africa,South Africa,4,Aiden Markram ,b van Meekeren,1,3,4,0,0,33.33,out,15
Netherlands Vs South Africa,South Africa,5,Heinrich Klaasen ,c Vikramjit Singh b van Beek,28,28,36,4,0,100,out,15
Netherlands Vs South Africa,South Africa,6,David Miller ,b van Beek,43,52,81,4,1,82.69,out,15
Netherlands Vs South Africa,South Africa,7,Marco Jansen ,b van Meekeren,9,25,22,0,0,36,out,15
Netherlands Vs South Africa,South Africa,8,Gerald Coetzee ,c †Edwards b de Leede,22,23,33,2,1,95.65,out,15
Netherlands Vs South Africa,South Africa,9,Keshav Maharaj ,c †Edwards b van Beek,40,37,54,5,1,108.1,out,15
Netherlands Vs South Africa,South Africa,10,Kagiso Rabada ,c Engelbrecht b de Leede,9,6,9,0,1,150,out,15
Netherlands Vs South Africa,South Africa,11,Lungi Ngidi ,not out,7,24,35,0,0,29.16,not out,15
New Zealand Vs Afghanistan,New Zealand,1,Devon Conway ,lbw b Mujeeb Ur Rahman,20,18,27,3,0,111.11,out,16
New Zealand Vs Afghanistan,New Zealand,2,Will Young ,c †Ikram Alikhil b Azmatullah Omarzai,54,64,98,4,3,84.37,out,16
New Zealand Vs Afghanistan,New Zealand,3,Rachin Ravindra ,b Azmatullah Omarzai,32,41,64,2,1,78.04,out,16
New Zealand Vs Afghanistan,New Zealand,4,Daryl Mitchell ,c Ibrahim Zadran b Rashid Khan,1,7,6,0,0,14.28,out,16
New Zealand Vs Afghanistan,New Zealand,5,Tom Latham (c)†,b Naveen-ul-Haq,68,74,114,3,2,91.89,out,16
New Zealand Vs Afghanistan,New Zealand,6,Glenn Phillips ,c Rashid Khan b Naveen-ul-Haq,71,80,109,4,4,88.75,out,16
New Zealand Vs Afghanistan,New Zealand,7,Mark Chapman ,not out,25,12,15,2,1,208.33,not out,16
New Zealand Vs Afghanistan,New Zealand,8,Mitchell Santner ,not out,7,5,13,1,0,140,not out,16
New Zealand Vs Afghanistan,Afghanistan,1,Rahmanullah Gurbaz ,b Henry,11,21,24,0,1,52.38,out,16
New Zealand Vs Afghanistan,Afghanistan,2,Ibrahim Zadran ,c Santner b Boult,14,15,27,2,0,93.33,out,16
New Zealand Vs Afghanistan,Afghanistan,3,Rahmat Shah ,c & b Ravindra,36,62,86,1,0,58.06,out,16
New Zealand Vs Afghanistan,Afghanistan,4,Hashmatullah Shahidi (c),c Santner b Ferguson,8,29,30,1,0,27.58,out,16
New Zealand Vs Afghanistan,Afghanistan,5,Azmatullah Omarzai ,c †Latham b Boult,27,32,39,2,0,84.37,out,16
New Zealand Vs Afghanistan,Afghanistan,6,Ikram Alikhil †,not out,19,21,42,3,0,90.47,not out,16
New Zealand Vs Afghanistan,Afghanistan,7,Mohammad Nabi ,b Santner,7,9,10,1,0,77.77,out,16
New Zealand Vs Afghanistan,Afghanistan,8,Rashid Khan ,c Mitchell b Ferguson,8,13,10,0,1,61.53,out,16
New Zealand Vs Afghanistan,Afghanistan,9,Mujeeb Ur Rahman ,c Young b Ferguson,4,3,2,1,0,133.33,out,16
New Zealand Vs Afghanistan,Afghanistan,10,Naveen-ul-Haq ,c Chapman b Santner,0,1,1,0,0,0,out,16
New Zealand Vs Afghanistan,Afghanistan,11,Fazalhaq Farooqi ,c Mitchell b Santner,0,2,1,0,0,0,out,16
Bangladesh Vs India,Bangladesh,1,Tanzid Hasan ,lbw b Kuldeep Yadav,51,43,75,5,3,118.6,out,17
Bangladesh Vs India,Bangladesh,2,Litton Das ,c Shubman Gill b Jadeja,66,82,124,7,0,80.48,out,17
Bangladesh Vs India,Bangladesh,3,Najmul Hossain Shanto (c),lbw b Jadeja,8,17,18,0,0,47.05,out,17
Bangladesh Vs India,Bangladesh,4,Mehidy Hasan Miraz ,c †Rahul b Mohammed Siraj,3,13,15,0,0,23.07,out,17
Bangladesh Vs India,Bangladesh,5,Towhid Hridoy ,c Shubman Gill b Thakur,16,35,54,0,0,45.71,out,17
Bangladesh Vs India,Bangladesh,6,Mushfiqur Rahim †,c Jadeja b Bumrah,38,46,60,1,1,82.6,out,17
Bangladesh Vs India,Bangladesh,7,Mahmudullah ,b Bumrah,46,36,60,3,3,127.77,out,17
Bangladesh Vs India,Bangladesh,8,Nasum Ahmed ,c †Rahul b Mohammed Siraj,14,18,21,2,0,77.77,out,17
Bangladesh Vs India,Bangladesh,9,Mustafizur Rahman ,not out,1,7,19,0,0,14.28,not out,17
Bangladesh Vs India,Bangladesh,10,Shoriful Islam ,not out,7,3,2,0,1,233.33,not out,17
Bangladesh Vs India,India,1,Rohit Sharma (c),c Towhid Hridoy b Hasan Mahmud,48,40,51,7,2,120,out,17
Bangladesh Vs India,India,2,Shubman Gill ,c Mahmudullah b Mehidy Hasan Miraz,53,55,80,5,2,96.36,out,17
Bangladesh Vs India,India,3,Virat Kohli ,not out,103,97,113,6,4,106.18,not out,17
Bangladesh Vs India,India,4,Shreyas Iyer ,c Mahmudullah b Mehidy Hasan Miraz,19,25,38,2,0,76,out,17
Bangladesh Vs India,India,5,KL Rahul †,not out,34,34,44,3,1,100,not out,17
Australia Vs Pakistan,Australia,1,David Warner ,c sub (Shadab Khan) b Haris Rauf,163,124,180,14,9,131.45,out,18
Australia Vs Pakistan,Australia,2,Mitchell Marsh ,c Usama Mir b Shaheen Shah Afridi,121,108,139,10,9,112.03,out,18
Australia Vs Pakistan,Australia,3,Glenn Maxwell ,c Babar Azam b Shaheen Shah Afridi,0,1,1,0,0,0,out,18
Australia Vs Pakistan,Australia,4,Steven Smith ,c & b Usama Mir,7,9,17,0,0,77.77,out,18
Australia Vs Pakistan,Australia,5,Marcus Stoinis ,lbw b Shaheen Shah Afridi,21,24,46,1,1,87.5,out,18
Australia Vs Pakistan,Australia,6,Josh Inglis †,c †Mohammad Rizwan b Haris Rauf,13,9,10,3,0,144.44,out,18
Australia Vs Pakistan,Australia,7,Marnus Labuschagne ,c sub (Shadab Khan) b Haris Rauf,8,12,23,1,0,66.66,out,18
Australia Vs Pakistan,Australia,8,Pat Cummins (c),not out,6,8,17,0,0,75,not out,18
Australia Vs Pakistan,Australia,9,Mitchell Starc ,c Saud Shakeel b Shaheen Shah Afridi,2,3,3,0,0,66.66,out,18
Australia Vs Pakistan,Australia,10,Josh Hazlewood ,c †Mohammad Rizwan b Shaheen Shah Afridi,0,1,1,0,0,0,out,18
Australia Vs Pakistan,Australia,11,Adam Zampa ,not out,1,1,4,0,0,100,not out,18
Australia Vs Pakistan,Pakistan,1,Abdullah Shafique ,c Maxwell b Stoinis,64,61,93,7,2,104.91,out,18
Australia Vs Pakistan,Pakistan,2,Imam-ul-Haq ,c Starc b Stoinis,70,71,107,10,0,98.59,out,18
Australia Vs Pakistan,Pakistan,3,Babar Azam (c),c Cummins b Zampa,18,14,27,3,0,128.57,out,18
Australia Vs Pakistan,Pakistan,4,Mohammad Rizwan †,lbw b Zampa,46,40,84,5,0,115,out,18
Australia Vs Pakistan,Pakistan,5,Saud Shakeel ,c Stoinis b Cummins,30,31,37,5,0,96.77,out,18
Australia Vs Pakistan,Pakistan,6,Iftikhar Ahmed ,lbw b Zampa,26,20,22,0,3,130,out,18
Australia Vs Pakistan,Pakistan,7,Mohammad Nawaz ,st †Inglis b Zampa,14,16,19,0,1,87.5,out,18
Australia Vs Pakistan,Pakistan,8,Usama Mir ,c Starc b Hazlewood,0,3,4,0,0,0,out,18
Australia Vs Pakistan,Pakistan,9,Shaheen Shah Afridi ,c Labuschagne b Cummins,10,8,17,2,0,125,out,18
Australia Vs Pakistan,Pakistan,10,Hasan Ali ,c †Inglis b Starc,8,8,7,2,0,100,out,18
Australia Vs Pakistan,Pakistan,11,Haris Rauf ,not out,0,1,3,0,0,0,not out,18
Netherlands Vs Sri Lanka,Netherlands,1,Vikramjit Singh ,lbw b Rajitha,4,13,17,1,0,30.76,out,19
Netherlands Vs Sri Lanka,Netherlands,2,Max O'Dowd ,b Rajitha,16,27,50,1,1,59.25,out,19
Netherlands Vs Sri Lanka,Netherlands,3,Colin Ackermann ,c †Mendis b Rajitha,29,31,42,5,0,93.54,out,19
Netherlands Vs Sri Lanka,Netherlands,4,Bas de Leede ,c Perera b Madushanka,6,21,33,0,0,28.57,out,19
Netherlands Vs Sri Lanka,Netherlands,5,Teja Nidamanuru ,lbw b Madushanka,9,16,32,0,0,56.25,out,19
Netherlands Vs Sri Lanka,Netherlands,6,Scott Edwards (c)†,b Theekshana,16,16,22,0,0,100,out,19
Netherlands Vs Sri Lanka,Netherlands,7,Sybrand Engelbrecht ,b Madushanka,70,82,100,4,1,85.36,out,19
Netherlands Vs Sri Lanka,Netherlands,8,Logan van Beek ,c Asalanka b Rajitha,59,75,108,1,1,78.66,out,19
Netherlands Vs Sri Lanka,Netherlands,9,Roelof van der Merwe ,c †Mendis b Madushanka,7,7,12,0,0,100,out,19
Netherlands Vs Sri Lanka,Netherlands,10,Aryan Dutt ,not out,9,6,14,1,0,150,not out,19
Netherlands Vs Sri Lanka,Netherlands,11,Paul van Meekeren ,run out (†Mendis/Madushanka),4,5,6,0,0,80,out,19
Netherlands Vs Sri Lanka,Sri Lanka ,1,Pathum Nissanka ,c †Edwards b van Meekeren,54,52,69,9,0,103.84,out,19
Netherlands Vs Sri Lanka,Sri Lanka ,2,Kusal Perera ,c de Leede b Dutt,5,8,17,1,0,62.5,out,19
Netherlands Vs Sri Lanka,Sri Lanka ,3,Kusal Mendis (c)†,c van Meekeren b Dutt,11,17,22,2,0,64.7,out,19
Netherlands Vs Sri Lanka,Sri Lanka ,4,Sadeera Samarawickrama ,not out,91,107,168,7,0,85.04,not out,19
Netherlands Vs Sri Lanka,Sri Lanka ,5,Charith Asalanka ,b Dutt,44,66,70,2,1,66.66,out,19
Netherlands Vs Sri Lanka,Sri Lanka ,6,Dhananjaya de Silva ,b Ackermann,30,37,57,1,2,81.08,out,19
Netherlands Vs Sri Lanka,Sri Lanka ,7,Dushan Hemantha ,not out,4,3,7,1,0,133.33,not out,19
South Africa Vs England,South Africa,1,Quinton de Kock †,c †Buttler b Topley,4,2,3,1,0,200,out,20
South Africa Vs England,South Africa,2,Reeza Hendricks ,b Rashid,85,75,111,9,3,113.33,out,20
South Africa Vs England,South Africa,3,Rassie van der Dussen ,c Bairstow b Rashid,60,61,86,8,0,98.36,out,20
South Africa Vs England,South Africa,4,Aiden Markram (c),c Bairstow b Topley,42,44,63,4,0,95.45,out,20
South Africa Vs England,South Africa,5,Heinrich Klaasen ,b Atkinson,109,67,119,12,4,162.68,out,20
South Africa Vs England,South Africa,6,David Miller ,c Stokes b Topley,5,6,7,1,0,83.33,out,20
South Africa Vs England,South Africa,7,Marco Jansen ,not out,75,42,72,3,6,178.57,not out,20
South Africa Vs England,South Africa,8,Gerald Coetzee ,c sub (LS Livingstone) b Atkinson,3,3,2,0,0,100,out,20
South Africa Vs England,South Africa,9,Keshav Maharaj ,not out,1,1,1,0,0,100,not out,20
South Africa Vs England,England,1,Jonny Bairstow ,c van der Dussen b Ngidi,10,12,13,1,1,83.33,out,20
South Africa Vs England,England,2,Dawid Malan ,c †de Kock b Jansen,6,11,30,1,0,54.54,out,20
South Africa Vs England,England,3,Joe Root ,c Miller b Jansen,2,6,9,0,0,33.33,out,20
South Africa Vs England,England,4,Ben Stokes ,c & b Rabada,5,8,20,1,0,62.5,out,20
South Africa Vs England,England,5,Harry Brook ,lbw b Coetzee,17,25,33,2,1,68,out,20
South Africa Vs England,England,6,Jos Buttler (c)†,c †de Kock b Coetzee,15,7,14,2,1,214.28,out,20
South Africa Vs England,England,7,David Willey ,c Rabada b Ngidi,12,12,24,1,1,100,out,20
South Africa Vs England,England,8,Adil Rashid ,c Hendricks b Coetzee,10,14,14,1,0,71.42,out,20
South Africa Vs England,England,9,Gus Atkinson ,b Maharaj,35,21,31,7,0,166.66,out,20
South Africa Vs England,England,10,Mark Wood ,not out,43,17,25,2,5,252.94,not out,20
South Africa Vs England,England,11,Reece Topley ,absent hurt,-,-,-,-,-,-,out,20
New Zealand Vs India,New Zealand,1,Devon Conway ,c Iyer b Mohammed Siraj,0,9,16,0,0,0,out,21
New Zealand Vs India,New Zealand,2,Will Young ,b Mohammed Shami,17,27,41,3,0,62.96,out,21
New Zealand Vs India,New Zealand,3,Rachin Ravindra ,c Shubman Gill b Mohammed Shami,75,87,133,6,1,86.2,out,21
New Zealand Vs India,New Zealand,4,Daryl Mitchell ,c Kohli b Mohammed Shami,130,127,192,9,5,102.36,out,21
New Zealand Vs India,New Zealand,5,Tom Latham (c)†,lbw b Kuldeep Yadav,5,7,16,1,0,71.42,out,21
New Zealand Vs India,New Zealand,6,Glenn Phillips ,c Sharma b Kuldeep Yadav,23,26,36,0,1,88.46,out,21
New Zealand Vs India,New Zealand,7,Mark Chapman ,c Kohli b Bumrah,6,8,11,0,0,75,out,21
New Zealand Vs India,New Zealand,8,Mitchell Santner ,b Mohammed Shami,1,2,3,0,0,50,out,21
New Zealand Vs India,New Zealand,9,Matt Henry ,b Mohammed Shami,0,1,1,0,0,0,out,21
New Zealand Vs India,New Zealand,10,Lockie Ferguson ,run out (†Rahul),1,5,12,0,0,20,out,21
New Zealand Vs India,New Zealand,11,Trent Boult ,not out,0,1,1,0,0,0,not out,21
New Zealand Vs India,India,1,Rohit Sharma (c),b Ferguson,46,40,44,4,4,115,out,21
New Zealand Vs India,India,2,Shubman Gill ,c Mitchell b Ferguson,26,31,53,5,0,83.87,out,21
New Zealand Vs India,India,3,Virat Kohli ,c Phillips b Henry,95,104,154,8,2,91.34,out,21
New Zealand Vs India,India,4,Shreyas Iyer ,c Conway b Boult,33,29,32,6,0,113.79,out,21
New Zealand Vs India,India,5,KL Rahul †,lbw b Santner,27,35,43,3,0,77.14,out,21
New Zealand Vs India,India,6,Suryakumar Yadav ,run out (Santner/Boult/†Latham),2,4,8,0,0,50,out,21
New Zealand Vs India,India,7,Ravindra Jadeja ,not out,39,44,63,3,1,88.63,not out,21
New Zealand Vs India,India,8,Mohammed Shami ,not out,1,1,2,0,0,100,not out,21
Pakistan Vs Afghanistan,Pakistan,1,Abdullah Shafique ,lbw b Noor Ahmad,58,75,89,5,2,77.33,out,22
Pakistan Vs Afghanistan,Pakistan,2,Imam-ul-Haq ,c Naveen-ul-Haq b Azmatullah Omarzai,17,22,44,2,0,77.27,out,22
Pakistan Vs Afghanistan,Pakistan,3,Babar Azam (c),c Mohammad Nabi b Noor Ahmad,74,92,121,4,1,80.43,out,22
Pakistan Vs Afghanistan,Pakistan,4,Mohammad Rizwan †,c Mujeeb Ur Rahman b Noor Ahmad,8,10,8,0,1,80,out,22
Pakistan Vs Afghanistan,Pakistan,5,Saud Shakeel ,c Rashid Khan b Mohammad Nabi,25,34,35,3,0,73.52,out,22
Pakistan Vs Afghanistan,Pakistan,6,Shadab Khan ,c Mohammad Nabi b Naveen-ul-Haq,40,38,75,1,1,105.26,out,22
Pakistan Vs Afghanistan,Pakistan,7,Iftikhar Ahmed ,c Azmatullah Omarzai b Naveen-ul-Haq,40,27,40,2,4,148.14,out,22
Pakistan Vs Afghanistan,Pakistan,8,Shaheen Shah Afridi ,not out,3,3,4,0,0,100,not out,22
Pakistan Vs Afghanistan,Afghanistan,1,Rahmanullah Gurbaz ,c Usama Mir b Shaheen Shah Afridi,65,53,91,9,1,122.64,out,22
Pakistan Vs Afghanistan,Afghanistan,2,Ibrahim Zadran ,c †Mohammad Rizwan b Hasan Ali,87,113,146,10,0,76.99,out,22
Pakistan Vs Afghanistan,Afghanistan,3,Rahmat Shah ,not out,77,84,129,5,2,91.66,not out,22
Pakistan Vs Afghanistan,Afghanistan,4,Hashmatullah Shahidi (c),not out,48,45,74,4,0,106.66,not out,22
South Africa Vs Bangladesh,South Africa,1,Quinton de Kock †,c Nasum Ahmed b Hasan Mahmud,174,140,192,15,7,124.28,out,23
South Africa Vs Bangladesh,South Africa,2,Reeza Hendricks ,b Shoriful Islam,12,19,24,1,0,63.15,out,23
South Africa Vs Bangladesh,South Africa,3,Rassie van der Dussen ,lbw b Mehidy Hasan Miraz,1,7,6,0,0,14.28,out,23
South Africa Vs Bangladesh,South Africa,4,Aiden Markram (c),c Litton Das b Shakib Al Hasan,60,69,84,7,0,86.95,out,23
South Africa Vs Bangladesh,South Africa,5,Heinrich Klaasen ,c Mahmudullah b Hasan Mahmud,90,49,94,2,8,183.67,out,23
South Africa Vs Bangladesh,South Africa,6,David Miller ,not out,34,15,26,1,4,226.66,not out,23
South Africa Vs Bangladesh,South Africa,7,Marco Jansen ,not out,1,1,3,0,0,100,not out,23
South Africa Vs Bangladesh,Bangladesh,1,Tanzid Hasan ,c †Klaasen b Jansen,12,17,30,1,0,70.58,out,23
South Africa Vs Bangladesh,Bangladesh,2,Litton Das ,lbw b Rabada,22,44,78,3,1,50,out,23
South Africa Vs Bangladesh,Bangladesh,3,Najmul Hossain Shanto ,c †Klaasen b Jansen,0,1,1,0,0,0,out,23
South Africa Vs Bangladesh,Bangladesh,4,Shakib Al Hasan (c),c †Klaasen b Williams,1,4,4,0,0,25,out,23
South Africa Vs Bangladesh,Bangladesh,5,Mushfiqur Rahim †,c sub (AL Phehlukwayo) b Coetzee,8,17,24,1,0,47.05,out,23
South Africa Vs Bangladesh,Bangladesh,6,Mahmudullah ,c Jansen b Coetzee,111,111,150,11,4,100,out,23
South Africa Vs Bangladesh,Bangladesh,7,Mehidy Hasan Miraz ,c sub (AL Phehlukwayo) b Maharaj,11,19,26,1,0,57.89,out,23
South Africa Vs Bangladesh,Bangladesh,8,Nasum Ahmed ,c & b Coetzee,19,19,27,3,0,100,out,23
South Africa Vs Bangladesh,Bangladesh,9,Hasan Mahmud ,c Coetzee b Rabada,15,25,32,2,0,60,out,23
South Africa Vs Bangladesh,Bangladesh,10,Mustafizur Rahman ,c Miller b Williams,11,21,51,2,0,52.38,out,23
South Africa Vs Bangladesh,Bangladesh,11,Shoriful Islam ,not out,6,4,4,1,0,150,not out,23
Australia Vs Netherlands,Australia,1,Mitchell Marsh ,c Ackermann b van Beek,9,15,15,2,0,60,out,24
Australia Vs Netherlands,Australia,2,David Warner ,c Dutt b van Beek,104,93,182,11,3,111.82,out,24
Australia Vs Netherlands,Australia,3,Steven Smith ,c van der Merwe b Dutt,71,68,88,9,1,104.41,out,24
Australia Vs Netherlands,Australia,4,Marnus Labuschagne ,c Dutt b de Leede,62,47,60,7,2,131.91,out,24
Australia Vs Netherlands,Australia,5,Josh Inglis †,c Engelbrecht b de Leede,14,12,12,1,1,116.66,out,24
Australia Vs Netherlands,Australia,6,Glenn Maxwell ,c Engelbrecht b van Beek,106,44,53,9,8,240.9,out,24
Australia Vs Netherlands,Australia,7,Cameron Green ,run out (Engelbrecht),8,11,15,1,0,72.72,out,24
Australia Vs Netherlands,Australia,8,Pat Cummins (c),not out,12,9,39,2,0,133.33,not out,24
Australia Vs Netherlands,Australia,9,Mitchell Starc ,c Ackermann b van Beek,0,1,1,0,0,0,out,24
Australia Vs Netherlands,Australia,10,Adam Zampa ,not out,1,1,2,0,0,100,not out,24
Australia Vs Netherlands,Netherlands,1,Vikramjit Singh ,run out (Maxwell),25,25,28,6,0,100,out,24
Australia Vs Netherlands,Netherlands,2,Max O'Dowd ,b Starc,6,9,21,1,0,66.66,out,24
Australia Vs Netherlands,Netherlands,3,Colin Ackermann ,lbw b Hazlewood,10,11,21,2,0,90.9,out,24
Australia Vs Netherlands,Netherlands,4,Sybrand Engelbrecht ,c Warner b Marsh,11,21,36,1,0,52.38,out,24
Australia Vs Netherlands,Netherlands,5,Bas de Leede ,lbw b Cummins,4,7,7,1,0,57.14,out,24
Australia Vs Netherlands,Netherlands,6,Scott Edwards (c)†,not out,12,22,53,0,0,54.54,not out,24
Australia Vs Netherlands,Netherlands,7,Teja Nidamanuru ,c †Inglis b Marsh,14,18,19,2,0,77.77,out,24
Australia Vs Netherlands,Netherlands,8,Logan van Beek ,c †Inglis b Zampa,0,3,3,0,0,0,out,24
Australia Vs Netherlands,Netherlands,9,Roelof van der Merwe ,lbw b Zampa,0,1,1,0,0,0,out,24
Australia Vs Netherlands,Netherlands,10,Aryan Dutt ,lbw b Zampa,1,8,9,0,0,12.5,out,24
Australia Vs Netherlands,Netherlands,11,Paul van Meekeren ,st †Inglis b Zampa,0,1,2,0,0,0,out,24
England Vs Sri Lanka,England,1,Jonny Bairstow ,c de Silva b Rajitha,30,31,64,3,0,96.77,out,25
England Vs Sri Lanka,England,2,Dawid Malan ,c †Mendis b Mathews,28,25,32,6,0,112,out,25
England Vs Sri Lanka,England,3,Joe Root ,run out (Mathews/†Mendis),3,10,14,0,0,30,out,25
England Vs Sri Lanka,England,4,Ben Stokes ,c sub (MADI Hemantha) b Kumara,43,73,98,6,0,58.9,out,25
England Vs Sri Lanka,England,5,Jos Buttler (c)†,c †Mendis b Kumara,8,6,6,1,0,133.33,out,25
England Vs Sri Lanka,England,6,Liam Livingstone ,lbw b Kumara,1,6,9,0,0,16.66,out,25
England Vs Sri Lanka,England,7,Moeen Ali ,c Perera b Mathews,15,15,33,1,0,100,out,25
England Vs Sri Lanka,England,8,Chris Woakes ,c Samarawickrama b Rajitha,0,4,8,0,0,0,out,25
England Vs Sri Lanka,England,9,David Willey ,not out,14,17,34,1,1,82.35,not out,25
England Vs Sri Lanka,England,10,Adil Rashid ,run out (†Mendis),2,7,7,0,0,28.57,out,25
England Vs Sri Lanka,England,11,Mark Wood ,st †Mendis b Theekshana,5,6,6,1,0,83.33,out,25
England Vs Sri Lanka,Sri Lanka,1,Pathum Nissanka ,not out,77,83,110,7,2,92.77,not out,25
England Vs Sri Lanka,Sri Lanka,2,Kusal Perera ,c Stokes b Willey,4,5,8,1,0,80,out,25
England Vs Sri Lanka,Sri Lanka,3,Kusal Mendis (c)†,c †Buttler b Willey,11,12,15,2,0,91.66,out,25
England Vs Sri Lanka,Sri Lanka,4,Sadeera Samarawickrama ,not out,65,54,84,7,1,120.37,not out,25
Pakistan Vs South Africa,Pakistan,1,Abdullah Shafique ,c Ngidi b Jansen,9,17,21,1,0,52.94,out,26
Pakistan Vs South Africa,Pakistan,2,Imam-ul-Haq ,c Klaasen b Jansen,12,18,35,2,0,66.66,out,26
Pakistan Vs South Africa,Pakistan,3,Babar Azam (c),c †de Kock b Shamsi,50,65,100,4,1,76.92,out,26
Pakistan Vs South Africa,Pakistan,4,Mohammad Rizwan †,c †de Kock b Coetzee,31,27,35,4,1,114.81,out,26
Pakistan Vs South Africa,Pakistan,5,Iftikhar Ahmed ,c Klaasen b Shamsi,21,31,38,1,1,67.74,out,26
Pakistan Vs South Africa,Pakistan,6,Saud Shakeel ,c †de Kock b Shamsi,52,52,81,7,0,100,out,26
Pakistan Vs South Africa,Pakistan,7,Shadab Khan ,c Maharaj b Coetzee,43,36,53,3,2,119.44,out,26
Pakistan Vs South Africa,Pakistan,8,Mohammad Nawaz ,c Miller b Jansen,24,24,32,1,2,100,out,26
Pakistan Vs South Africa,Pakistan,9,Shaheen Shah Afridi ,c Maharaj b Shamsi,2,4,10,0,0,50,out,26
Pakistan Vs South Africa,Pakistan,10,Mohammad Wasim ,c †de Kock b Ngidi,7,9,13,0,1,77.77,out,26
Pakistan Vs South Africa,Pakistan,11,Haris Rauf ,not out,0,1,5,0,0,0,not out,26
Pakistan Vs South Africa,South Africa,1,Temba Bavuma (c),c Saud Shakeel b Mohammad Wasim,28,27,49,4,1,103.7,out,26
Pakistan Vs South Africa,South Africa,2,Quinton de Kock †,c Mohammad Wasim b Shaheen Shah Afridi,24,14,19,5,0,171.42,out,26
Pakistan Vs South Africa,South Africa,3,Rassie van der Dussen ,lbw b Usama Mir,21,39,71,0,0,53.84,out,26
Pakistan Vs South Africa,South Africa,4,Aiden Markram ,c Babar Azam b Usama Mir,91,93,151,7,3,97.84,out,26
Pakistan Vs South Africa,South Africa,5,Heinrich Klaasen ,c Usama Mir b Mohammad Wasim,12,10,12,0,1,120,out,26
Pakistan Vs South Africa,South Africa,6,David Miller ,c †Mohammad Rizwan b Shaheen Shah Afridi,29,33,55,2,2,87.87,out,26
Pakistan Vs South Africa,South Africa,7,Marco Jansen ,c Babar Azam b Haris Rauf,20,14,18,2,1,142.85,out,26
Pakistan Vs South Africa,South Africa,8,Gerald Coetzee ,c †Mohammad Rizwan b Shaheen Shah Afridi,10,13,23,0,0,76.92,out,26
Pakistan Vs South Africa,South Africa,9,Keshav Maharaj ,not out,7,21,44,1,0,33.33,not out,26
Pakistan Vs South Africa,South Africa,10,Lungi Ngidi ,c & b Haris Rauf,4,14,24,0,0,28.57,out,26
Pakistan Vs South Africa,South Africa,11,Tabraiz Shamsi ,not out,4,6,14,0,0,66.66,not out,26
Australia Vs New Zealand,Australia,1,David Warner ,c & b Phillips,81,65,77,5,6,124.61,out,27
Australia Vs New Zealand,Australia,2,Travis Head ,b Phillips,109,67,94,10,7,162.68,out,27
Australia Vs New Zealand,Australia,3,Mitchell Marsh ,b Santner,36,51,65,2,0,70.58,out,27
Australia Vs New Zealand,Australia,4,Steven Smith ,c Boult b Phillips,18,17,19,2,0,105.88,out,27
Australia Vs New Zealand,Australia,5,Marnus Labuschagne ,c Ravindra b Santner,18,26,36,2,0,69.23,out,27
Australia Vs New Zealand,Australia,6,Glenn Maxwell ,c Boult b Neesham,41,24,37,5,2,170.83,out,27
Australia Vs New Zealand,Australia,7,Josh Inglis †,c Phillips b Boult,38,28,48,4,1,135.71,out,27
Australia Vs New Zealand,Australia,8,Pat Cummins (c),lbw b Boult,37,14,23,2,4,264.28,out,27
Australia Vs New Zealand,Australia,9,Mitchell Starc ,c Neesham b Henry,1,3,7,0,0,33.33,out,27
Australia Vs New Zealand,Australia,10,Adam Zampa ,b Boult,0,3,2,0,0,0,out,27
Australia Vs New Zealand,New Zealand,1,Devon Conway ,c Starc b Hazlewood,28,17,35,6,0,164.7,out,27
Australia Vs New Zealand,New Zealand,2,Will Young ,c Starc b Hazlewood,32,37,44,4,1,86.48,out,27
Australia Vs New Zealand,New Zealand,3,Rachin Ravindra ,c Labuschagne b Cummins,116,89,137,9,5,130.33,out,27
Australia Vs New Zealand,New Zealand,4,Daryl Mitchell ,c Starc b Zampa,54,51,59,6,1,105.88,out,27
Australia Vs New Zealand,New Zealand,5,Tom Latham (c)†,c Hazlewood b Zampa,21,22,29,2,0,95.45,out,27
Australia Vs New Zealand,New Zealand,6,Glenn Phillips ,c Labuschagne b Maxwell,12,16,21,1,0,75,out,27
Australia Vs New Zealand,New Zealand,7,James Neesham ,run out (Labuschagne/†Inglis),58,39,64,3,3,148.71,out,27
Australia Vs New Zealand,New Zealand,8,Mitchell Santner ,c Maxwell b Zampa,17,12,13,1,1,141.66,out,27
Australia Vs New Zealand,New Zealand,9,Matt Henry ,c Hazlewood b Cummins,9,8,14,1,0,112.5,out,27
Australia Vs New Zealand,New Zealand,10,Trent Boult ,not out,10,8,21,0,1,125,not out,27
Australia Vs New Zealand,New Zealand,11,Lockie Ferguson ,not out,0,1,1,0,0,0,not out,27
Netherlands Vs Bangladesh,Netherlands,1,Vikramjit Singh ,c Shakib Al Hasan b Taskin Ahmed,3,9,7,0,0,33.33,out,28
Netherlands Vs Bangladesh,Netherlands,2,Max O'Dowd ,c Tanzid Hasan b Shoriful Islam,0,3,11,0,0,0,out,28
Netherlands Vs Bangladesh,Netherlands,3,Wesley Barresi ,c Shakib Al Hasan b Mustafizur Rahman,41,41,49,8,0,100,out,28
Netherlands Vs Bangladesh,Netherlands,4,Colin Ackermann ,c Mustafizur Rahman b Shakib Al Hasan,15,33,50,1,0,45.45,out,28
Netherlands Vs Bangladesh,Netherlands,5,Scott Edwards (c)†,c Mehidy Hasan Miraz b Mustafizur Rahman,68,89,122,6,0,76.4,out,28
Netherlands Vs Bangladesh,Netherlands,6,Bas de Leede ,c †Mushfiqur Rahim b Taskin Ahmed,17,32,49,2,0,53.12,out,28
Netherlands Vs Bangladesh,Netherlands,7,Sybrand Engelbrecht ,lbw b Mahedi Hasan,35,61,72,3,0,57.37,out,28
Netherlands Vs Bangladesh,Netherlands,8,Logan van Beek ,not out,23,16,33,2,1,143.75,not out,28
Netherlands Vs Bangladesh,Netherlands,9,Shariz Ahmad ,run out (Mahmudullah/†Mushfiqur Rahim),6,8,13,0,0,75,out,28
Netherlands Vs Bangladesh,Netherlands,10,Aryan Dutt ,c Mehidy Hasan Miraz b Shoriful Islam,9,6,7,0,1,150,out,28
Netherlands Vs Bangladesh,Netherlands,11,Paul van Meekeren ,lbw b Mahedi Hasan,0,2,6,0,0,0,out,28
Netherlands Vs Bangladesh,Bangladesh,1,Litton Das ,c †Edwards b Dutt,3,12,20,0,0,25,out,28
Netherlands Vs Bangladesh,Bangladesh,2,Tanzid Hasan ,c †Edwards b van Beek,15,16,25,3,0,93.75,out,28
Netherlands Vs Bangladesh,Bangladesh,3,Mehidy Hasan Miraz ,c †Edwards b de Leede,35,40,51,5,1,87.5,out,28
Netherlands Vs Bangladesh,Bangladesh,4,Najmul Hossain Shanto ,c van Beek b van Meekeren,9,18,27,2,0,50,out,28
Netherlands Vs Bangladesh,Bangladesh,5,Shakib Al Hasan (c),c †Edwards b van Meekeren,5,14,14,0,0,35.71,out,28
Netherlands Vs Bangladesh,Bangladesh,6,Mushfiqur Rahim †,b van Meekeren,1,5,9,0,0,20,out,28
Netherlands Vs Bangladesh,Bangladesh,7,Mahmudullah ,c Dutt b de Leede,20,41,70,2,0,48.78,out,28
Netherlands Vs Bangladesh,Bangladesh,8,Mahedi Hasan ,run out (de Leede),17,38,51,1,0,44.73,out,28
Netherlands Vs Bangladesh,Bangladesh,9,Taskin Ahmed ,c de Leede b van Meekeren,11,35,49,1,0,31.42,out,28
Netherlands Vs Bangladesh,Bangladesh,10,Mustafizur Rahman ,b Ackermann,20,35,34,2,1,57.14,out,28
Netherlands Vs Bangladesh,Bangladesh,11,Shoriful Islam ,not out,0,0,1,0,0,-,not out,28
India Vs England,India,1,Rohit Sharma (c),c Livingstone b Rashid,87,101,162,10,3,86.13,out,29
India Vs England,India,2,Shubman Gill ,b Woakes,9,13,18,1,0,69.23,out,29
India Vs England,India,3,Virat Kohli ,c Stokes b Willey,0,9,12,0,0,0,out,29
India Vs England,India,4,Shreyas Iyer ,c Wood b Woakes,4,16,21,0,0,25,out,29
India Vs England,India,5,KL Rahul †,c Bairstow b Willey,39,58,77,3,0,67.24,out,29
India Vs England,India,6,Suryakumar Yadav ,c Woakes b Willey,49,47,75,4,1,104.25,out,29
India Vs England,India,7,Ravindra Jadeja ,lbw b Rashid,8,13,14,0,0,61.53,out,29
India Vs England,India,8,Mohammed Shami ,c †Buttler b Wood,1,5,4,0,0,20,out,29
India Vs England,India,9,Jasprit Bumrah ,run out (†Buttler),16,25,44,1,0,64,out,29
India Vs England,India,10,Kuldeep Yadav ,not out,9,13,18,1,0,69.23,not out,29
India Vs England,England,1,Jonny Bairstow ,b Mohammed Shami,14,23,53,2,0,60.86,out,29
India Vs England,England,2,Dawid Malan ,b Bumrah,16,17,25,2,1,94.11,out,29
India Vs England,England,3,Joe Root ,lbw b Bumrah,0,1,2,0,0,0,out,29
India Vs England,England,4,Ben Stokes ,b Mohammed Shami,0,10,14,0,0,0,out,29
India Vs England,England,5,Jos Buttler (c)†,b Kuldeep Yadav,10,23,33,1,0,43.47,out,29
India Vs England,England,6,Moeen Ali ,c †Rahul b Mohammed Shami,15,31,55,0,0,48.38,out,29
India Vs England,England,7,Liam Livingstone ,lbw b Kuldeep Yadav,27,46,56,2,0,58.69,out,29
India Vs England,England,8,Chris Woakes ,st †Rahul b Jadeja,10,20,21,1,0,50,out,29
India Vs England,England,9,David Willey ,not out,16,17,29,0,2,94.11,not out,29
India Vs England,England,10,Adil Rashid ,b Mohammed Shami,13,20,19,2,0,65,out,29
India Vs England,England,11,Mark Wood ,b Bumrah,0,1,3,0,0,0,out,29
Sri Lanka Vs Afghanistan,Sri Lanka,1,Pathum Nissanka ,c †Rahmanullah Gurbaz b Azmatullah Omarzai,46,60,82,5,0,76.66,out,30
Sri Lanka Vs Afghanistan,Sri Lanka,2,Dimuth Karunaratne ,lbw b Fazalhaq Farooqi,15,21,25,1,0,71.42,out,30
Sri Lanka Vs Afghanistan,Sri Lanka,3,Kusal Mendis (c)†,c sub (Najibullah Zadran) b Mujeeb Ur Rahman,39,50,91,3,0,78,out,30
Sri Lanka Vs Afghanistan,Sri Lanka,4,Sadeera Samarawickrama ,lbw b Mujeeb Ur Rahman,36,40,42,3,0,90,out,30
Sri Lanka Vs Afghanistan,Sri Lanka,5,Charith Asalanka ,c Rashid Khan b Fazalhaq Farooqi,22,28,48,2,0,78.57,out,30
Sri Lanka Vs Afghanistan,Sri Lanka,6,Dhananjaya de Silva ,b Rashid Khan,14,26,24,1,0,53.84,out,30
Sri Lanka Vs Afghanistan,Sri Lanka,7,Angelo Mathews ,c Mohammad Nabi b Fazalhaq Farooqi,23,26,61,1,1,88.46,out,30
Sri Lanka Vs Afghanistan,Sri Lanka,8,Dushmantha Chameera ,run out (Ibrahim Zadran),1,4,5,0,0,25,out,30
Sri Lanka Vs Afghanistan,Sri Lanka,9,Maheesh Theekshana ,b Fazalhaq Farooqi,29,31,31,3,1,93.54,out,30
Sri Lanka Vs Afghanistan,Sri Lanka,10,Kasun Rajitha ,run out (†Rahmanullah Gurbaz),5,7,14,0,0,71.42,out,30
Sri Lanka Vs Afghanistan,Sri Lanka,11,Dilshan Madushanka ,not out,0,4,5,0,0,0,not out,30
Sri Lanka Vs Afghanistan,Afghanistan,1,Rahmanullah Gurbaz ,b Madushanka,0,4,2,0,0,0,out,30
Sri Lanka Vs Afghanistan,Afghanistan,2,Ibrahim Zadran ,c Karunaratne b Madushanka,39,57,73,4,1,68.42,out,30
Sri Lanka Vs Afghanistan,Afghanistan,3,Rahmat Shah ,c Karunaratne b Rajitha,62,74,121,7,0,83.78,out,30
Sri Lanka Vs Afghanistan,Afghanistan,4,Hashmatullah Shahidi (c),not out,58,74,132,2,1,78.37,not out,30
Sri Lanka Vs Afghanistan,Afghanistan,5,Azmatullah Omarzai ,not out,73,63,80,6,3,115.87,not out,30
Bangladesh Vs Pakistan,Bangladesh,1,Tanzid Hasan ,lbw b Shaheen Shah Afridi,0,5,7,0,0,0,out,31
Bangladesh Vs Pakistan,Bangladesh,2,Litton Das ,c Agha Salman b Iftikhar Ahmed,45,64,100,6,0,70.31,out,31
Bangladesh Vs Pakistan,Bangladesh,3,Najmul Hossain Shanto ,c Usama Mir b Shaheen Shah Afridi,4,3,8,1,0,133.33,out,31
Bangladesh Vs Pakistan,Bangladesh,4,Mushfiqur Rahim †,c †Mohammad Rizwan b Haris Rauf,5,8,18,1,0,62.5,out,31
Bangladesh Vs Pakistan,Bangladesh,5,Mahmudullah ,b Shaheen Shah Afridi,56,70,108,6,1,80,out,31
Bangladesh Vs Pakistan,Bangladesh,6,Shakib Al Hasan (c),c Agha Salman b Haris Rauf,43,64,82,4,0,67.18,out,31
Bangladesh Vs Pakistan,Bangladesh,7,Towhid Hridoy ,c Iftikhar Ahmed b Usama Mir,7,3,9,0,1,233.33,out,31
Bangladesh Vs Pakistan,Bangladesh,8,Mehidy Hasan Miraz ,b Mohammad Wasim,25,30,50,1,1,83.33,out,31
Bangladesh Vs Pakistan,Bangladesh,9,Taskin Ahmed ,b Mohammad Wasim,6,13,20,0,0,46.15,out,31
Bangladesh Vs Pakistan,Bangladesh,10,Mustafizur Rahman ,b Mohammad Wasim,3,7,11,0,0,42.85,out,31
Bangladesh Vs Pakistan,Bangladesh,11,Shoriful Islam ,not out,1,4,8,0,0,25,not out,31
Bangladesh Vs Pakistan,Pakistan,1,Abdullah Shafique ,lbw b Mehidy Hasan Miraz,68,69,94,9,2,98.55,out,31
Bangladesh Vs Pakistan,Pakistan,2,Fakhar Zaman ,c Towhid Hridoy b Mehidy Hasan Miraz,81,74,126,3,7,109.45,out,31
Bangladesh Vs Pakistan,Pakistan,3,Babar Azam (c),c Mahmudullah b Mehidy Hasan Miraz,9,16,20,1,0,56.25,out,31
Bangladesh Vs Pakistan,Pakistan,4,Mohammad Rizwan †,not out,26,21,27,4,0,123.8,not out,31
Bangladesh Vs Pakistan,Pakistan,5,Iftikhar Ahmed ,not out,17,15,17,2,0,113.33,not out,31
South Africa Vs New Zealand,South Africa,1,Quinton de Kock †,c Phillips b Southee,114,116,176,10,3,98.27,out,32
South Africa Vs New Zealand,South Africa,2,Temba Bavuma (c),c Mitchell b Boult,24,28,37,4,1,85.71,out,32
South Africa Vs New Zealand,South Africa,3,Rassie van der Dussen ,b Southee,133,118,172,9,5,112.71,out,32
South Africa Vs New Zealand,South Africa,4,David Miller ,c Mitchell b Neesham,53,30,48,2,4,176.66,out,32
South Africa Vs New Zealand,South Africa,5,Heinrich Klaasen ,not out,15,7,13,1,1,214.28,not out,32
South Africa Vs New Zealand,South Africa,6,Aiden Markram ,not out,6,1,1,0,1,600,not out,32
South Africa Vs New Zealand,New Zealand,1,Devon Conway ,c Markram b Jansen,2,6,13,0,0,33.33,out,32
South Africa Vs New Zealand,New Zealand,2,Will Young ,c †de Kock b Coetzee,33,37,50,5,0,89.18,out,32
South Africa Vs New Zealand,New Zealand,3,Rachin Ravindra ,c Coetzee b Jansen,9,16,28,1,0,56.25,out,32
South Africa Vs New Zealand,New Zealand,4,Daryl Mitchell ,c Miller b Maharaj,24,30,40,4,0,80,out,32
South Africa Vs New Zealand,New Zealand,5,Tom Latham (c)†,c Maharaj b Rabada,4,15,18,0,0,26.66,out,32
South Africa Vs New Zealand,New Zealand,6,Glenn Phillips ,c Rabada b Coetzee,60,50,87,4,4,120,out,32
South Africa Vs New Zealand,New Zealand,7,Mitchell Santner ,b Maharaj,7,18,14,1,0,38.88,out,32
South Africa Vs New Zealand,New Zealand,8,Tim Southee ,lbw b Jansen,7,11,11,1,0,63.63,out,32
South Africa Vs New Zealand,New Zealand,9,James Neesham ,b Maharaj,0,8,6,0,0,0,out,32
South Africa Vs New Zealand,New Zealand,10,Trent Boult ,c Miller b Maharaj,9,14,17,1,0,64.28,out,32
South Africa Vs New Zealand,New Zealand,11,Matt Henry ,not out,0,9,20,0,0,0,not out,32
India Vs Sri Lanka,India,1,Rohit Sharma (c),b Madushanka,4,2,2,1,0,200,out,33
India Vs Sri Lanka,India,2,Shubman Gill ,c †Mendis b Madushanka,92,92,136,11,2,100,out,33
India Vs Sri Lanka,India,3,Virat Kohli ,c Nissanka b Madushanka,88,94,139,11,0,93.61,out,33
India Vs Sri Lanka,India,4,Shreyas Iyer ,c Theekshana b Madushanka,82,56,84,3,6,146.42,out,33
India Vs Sri Lanka,India,5,KL Rahul †,c Hemantha b Chameera,21,19,34,2,0,110.52,out,33
India Vs Sri Lanka,India,6,Suryakumar Yadav ,c †Mendis b Madushanka,12,9,13,2,0,133.33,out,33
India Vs Sri Lanka,India,7,Ravindra Jadeja ,run out (Samarawickrama/†Mendis),35,24,41,1,1,145.83,out,33
India Vs Sri Lanka,India,8,Mohammed Shami ,run out (†Mendis),2,4,11,0,0,50,out,33
India Vs Sri Lanka,India,9,Jasprit Bumrah ,not out,1,1,1,0,0,100,not out,33
India Vs Sri Lanka,Sri Lanka,1,Pathum Nissanka ,lbw b Bumrah,0,1,2,0,0,0,out,33
India Vs Sri Lanka,Sri Lanka,2,Dimuth Karunaratne ,lbw b Mohammed Siraj,0,1,10,0,0,0,out,33
India Vs Sri Lanka,Sri Lanka,3,Kusal Mendis (c)†,b Mohammed Siraj,1,10,21,0,0,10,out,33
India Vs Sri Lanka,Sri Lanka,4,Sadeera Samarawickrama ,c Iyer b Mohammed Siraj,0,4,4,0,0,0,out,33
India Vs Sri Lanka,Sri Lanka,5,Charith Asalanka ,c Jadeja b Mohammed Shami,1,24,42,0,0,4.16,out,33
India Vs Sri Lanka,Sri Lanka,6,Angelo Mathews ,b Mohammed Shami,12,25,55,1,0,48,out,33
India Vs Sri Lanka,Sri Lanka,7,Dushan Hemantha ,c †Rahul b Mohammed Shami,0,1,1,0,0,0,out,33
India Vs Sri Lanka,Sri Lanka,8,Dushmantha Chameera ,c †Rahul b Mohammed Shami,0,6,10,0,0,0,out,33
India Vs Sri Lanka,Sri Lanka,9,Maheesh Theekshana ,not out,12,23,37,2,0,52.17,not out,33
India Vs Sri Lanka,Sri Lanka,10,Kasun Rajitha ,c Shubman Gill b Mohammed Shami,14,17,20,2,0,82.35,out,33
India Vs Sri Lanka,Sri Lanka,11,Dilshan Madushanka ,c Iyer b Jadeja,5,6,4,1,0,83.33,out,33
Netherlands Vs Afghanistan,Netherlands,1,Wesley Barresi ,lbw b Mujeeb Ur Rahman,1,4,3,0,0,25,out,34
Netherlands Vs Afghanistan,Netherlands,2,Max O'Dowd ,run out (Azmatullah Omarzai),42,40,50,9,0,105,out,34
Netherlands Vs Afghanistan,Netherlands,3,Colin Ackermann ,run out (Rashid Khan/†Ikram Alikhil),29,35,71,4,0,82.85,out,34
Netherlands Vs Afghanistan,Netherlands,4,Sybrand Engelbrecht ,run out (Mohammad Nabi/†Ikram Alikhil),58,86,85,6,0,67.44,out,34
Netherlands Vs Afghanistan,Netherlands,5,Scott Edwards (c)†,run out (†Ikram Alikhil),0,1,1,0,0,0,out,34
Netherlands Vs Afghanistan,Netherlands,6,Bas de Leede ,c †Ikram Alikhil b Mohammad Nabi,3,6,5,0,0,50,out,34
Netherlands Vs Afghanistan,Netherlands,7,Saqib Zulfiqar ,c †Ikram Alikhil b Noor Ahmad,3,15,19,0,0,20,out,34
Netherlands Vs Afghanistan,Netherlands,8,Logan van Beek ,st †Ikram Alikhil b Mohammad Nabi,2,13,16,0,0,15.38,out,34
Netherlands Vs Afghanistan,Netherlands,9,Roelof van der Merwe ,c Ibrahim Zadran b Noor Ahmad,11,33,36,0,0,33.33,out,34
Netherlands Vs Afghanistan,Netherlands,10,Aryan Dutt ,not out,10,22,42,0,0,45.45,not out,34
Netherlands Vs Afghanistan,Netherlands,11,Paul van Meekeren ,lbw b Mohammad Nabi,4,24,18,0,0,16.66,out,34
Netherlands Vs Afghanistan,Afghanistan,1,Rahmanullah Gurbaz ,c †Edwards b van Beek,10,11,24,2,0,90.9,out,34
Netherlands Vs Afghanistan,Afghanistan,2,Ibrahim Zadran ,b van der Merwe,20,34,44,2,0,58.82,out,34
Netherlands Vs Afghanistan,Afghanistan,3,Rahmat Shah ,c & b Saqib Zulfiqar,52,54,74,8,0,96.29,out,34
Netherlands Vs Afghanistan,Afghanistan,4,Hashmatullah Shahidi (c),not out,56,64,92,6,0,87.5,not out,34
Netherlands Vs Afghanistan,Afghanistan,5,Azmatullah Omarzai ,not out,31,28,38,3,0,110.71,not out,34
New Zealand Vs Pakistan,New Zealand,1,Devon Conway ,c †Mohammad Rizwan b Hasan Ali,35,39,48,6,0,89.74,out,35
New Zealand Vs Pakistan,New Zealand,2,Rachin Ravindra ,c Saud Shakeel b Mohammad Wasim,108,94,170,15,1,114.89,out,35
New Zealand Vs Pakistan,New Zealand,3,Kane Williamson (c),c Fakhar Zaman b Iftikhar Ahmed,95,79,111,10,2,120.25,out,35
New Zealand Vs Pakistan,New Zealand,4,Daryl Mitchell ,b Haris Rauf,29,18,32,4,1,161.11,out,35
New Zealand Vs Pakistan,New Zealand,5,Mark Chapman ,b Mohammad Wasim,39,27,42,7,0,144.44,out,35
New Zealand Vs Pakistan,New Zealand,6,Glenn Phillips ,b Mohammad Wasim,41,25,40,4,2,164,out,35
New Zealand Vs Pakistan,New Zealand,7,Mitchell Santner ,not out,26,17,27,0,2,152.94,not out,35
New Zealand Vs Pakistan,New Zealand,8,Tom Latham †,not out,2,2,4,0,0,100,not out,35
New Zealand Vs Pakistan,Pakistan,1,Abdullah Shafique ,c Williamson b Southee,4,9,8,1,0,44.44,out,35
New Zealand Vs Pakistan,Pakistan,2,Fakhar Zaman ,not out,126,81,103,8,11,155.55,not out,35
New Zealand Vs Pakistan,Pakistan,3,Babar Azam (c),not out,66,63,93,6,2,104.76,not out,35
Australia Vs England,Australia,1,Travis Head ,c Root b Woakes,11,10,8,1,0,110,out,36
Australia Vs England,Australia,2,David Warner ,c Willey b Woakes,15,16,29,1,1,93.75,out,36
Australia Vs England,Australia,3,Steven Smith ,c Ali b Rashid,44,52,85,3,0,84.61,out,36
Australia Vs England,Australia,4,Marnus Labuschagne ,lbw b Wood,71,83,111,7,0,85.54,out,36
Australia Vs England,Australia,5,Josh Inglis †,c Ali b Rashid,3,6,5,0,0,50,out,36
Australia Vs England,Australia,6,Cameron Green ,b Willey,47,52,81,5,0,90.38,out,36
Australia Vs England,Australia,7,Marcus Stoinis ,c Bairstow b Livingstone,35,32,53,3,2,109.37,out,36
Australia Vs England,Australia,8,Pat Cummins (c),c Malan b Wood,10,13,17,1,0,76.92,out,36
Australia Vs England,Australia,9,Mitchell Starc ,c Ali b Woakes,10,13,30,0,0,76.92,out,36
Australia Vs England,Australia,10,Adam Zampa ,c †Buttler b Woakes,29,19,23,4,0,152.63,out,36
Australia Vs England,Australia,11,Josh Hazlewood ,not out,1,1,1,0,0,100,not out,36
Australia Vs England,England,1,Jonny Bairstow ,c †Inglis b Starc,0,1,1,0,0,0,out,36
Australia Vs England,England,2,Dawid Malan ,c Head b Cummins,50,64,99,4,1,78.12,out,36
Australia Vs England,England,3,Joe Root ,c †Inglis b Starc,13,17,23,2,0,76.47,out,36
Australia Vs England,England,4,Ben Stokes ,c Stoinis b Zampa,64,90,128,2,3,71.11,out,36
Australia Vs England,England,5,Jos Buttler (c)†,c Green b Zampa,1,7,10,0,0,14.28,out,36
Australia Vs England,England,6,Moeen Ali ,c Warner b Zampa,42,43,61,6,0,97.67,out,36
Australia Vs England,England,7,Liam Livingstone ,c sub (SA Abbott) b Cummins,2,5,6,0,0,40,out,36
Australia Vs England,England,8,Chris Woakes ,c Labuschagne b Stoinis,32,33,52,4,1,96.96,out,36
Australia Vs England,England,9,David Willey ,c Zampa b Hazlewood,15,14,19,3,0,107.14,out,36
Australia Vs England,England,10,Adil Rashid ,c †Inglis b Hazlewood,20,15,23,1,1,133.33,out,36
Australia Vs England,England,11,Mark Wood ,not out,0,0,1,0,0,-,not out,36
India Vs South Africa,India,1,Rohit Sharma (c),c Bavuma b Rabada,40,24,32,6,2,166.66,out,37
India Vs South Africa,India,2,Shubman Gill ,b Maharaj,23,24,54,4,1,95.83,out,37
India Vs South Africa,India,3,Virat Kohli ,not out,101,121,195,10,0,83.47,not out,37
India Vs South Africa,India,4,Shreyas Iyer ,c Markram b Ngidi,77,87,101,7,2,88.5,out,37
India Vs South Africa,India,5,KL Rahul †,c van der Dussen b Jansen,8,17,29,0,0,47.05,out,37
India Vs South Africa,India,6,Suryakumar Yadav ,c †de Kock b Shamsi,22,14,19,5,0,157.14,out,37
India Vs South Africa,India,7,Ravindra Jadeja ,not out,29,15,21,3,1,193.33,not out,37
India Vs South Africa,South Africa,1,Quinton de Kock †,b Mohammed Siraj,5,10,9,1,0,50,out,37
India Vs South Africa,South Africa,2,Temba Bavuma (c),b Jadeja,11,19,39,1,0,57.89,out,37
India Vs South Africa,South Africa,3,Rassie van der Dussen ,lbw b Mohammed Shami,13,32,55,1,0,40.62,out,37
India Vs South Africa,South Africa,4,Aiden Markram ,c †Rahul b Mohammed Shami,9,6,6,2,0,150,out,37
India Vs South Africa,South Africa,5,Heinrich Klaasen ,lbw b Jadeja,1,11,12,0,0,9.09,out,37
India Vs South Africa,South Africa,6,David Miller ,b Jadeja,11,11,17,2,0,100,out,37
India Vs South Africa,South Africa,7,Marco Jansen ,c Jadeja b Kuldeep Yadav,14,30,45,1,0,46.66,out,37
India Vs South Africa,South Africa,8,Keshav Maharaj ,b Jadeja,7,11,7,1,0,63.63,out,37
India Vs South Africa,South Africa,9,Kagiso Rabada ,c & b Jadeja,6,26,26,0,0,23.07,out,37
India Vs South Africa,South Africa,10,Lungi Ngidi ,b Kuldeep Yadav,0,3,7,0,0,0,out,37
India Vs South Africa,South Africa,11,Tabraiz Shamsi ,not out,4,4,3,1,0,100,not out,37
Sri Lanka Vs Bangladesh,Sri Lanka,1,Pathum Nissanka ,b Tanzim Hasan Sakib,41,36,61,8,0,113.88,out,38
Sri Lanka Vs Bangladesh,Sri Lanka,2,Kusal Perera ,c †Mushfiqur Rahim b Shoriful Islam,4,5,5,1,0,80,out,38
Sri Lanka Vs Bangladesh,Sri Lanka,3,Kusal Mendis (c)†,c Shoriful Islam b Shakib Al Hasan,19,30,49,1,1,63.33,out,38
Sri Lanka Vs Bangladesh,Sri Lanka,4,Sadeera Samarawickrama ,c Mahmudullah b Shakib Al Hasan,41,42,53,4,0,97.61,out,38
Sri Lanka Vs Bangladesh,Sri Lanka,5,Charith Asalanka ,c Litton Das b Tanzim Hasan Sakib,108,105,159,6,5,102.85,out,38
Sri Lanka Vs Bangladesh,Sri Lanka,6,Angelo Mathews ,timed out,0,0,4,0,0,-,out,38
Sri Lanka Vs Bangladesh,Sri Lanka,7,Dhananjaya de Silva ,st †Mushfiqur Rahim b Mehidy Hasan Miraz,34,36,58,4,1,94.44,out,38
Sri Lanka Vs Bangladesh,Sri Lanka,8,Maheesh Theekshana ,c sub (Nasum Ahmed) b Shoriful Islam,21,31,35,3,0,67.74,out,38
Sri Lanka Vs Bangladesh,Sri Lanka,9,Dushmantha Chameera ,run out (†Mushfiqur Rahim),4,9,17,0,0,44.44,out,38
Sri Lanka Vs Bangladesh,Sri Lanka,10,Kasun Rajitha ,c Litton Das b Tanzim Hasan Sakib,0,2,1,0,0,0,out,38
Sri Lanka Vs Bangladesh,Sri Lanka,11,Dilshan Madushanka ,not out,0,1,3,0,0,0,not out,38
Sri Lanka Vs Bangladesh,Bangladesh,1,Tanzid Hasan ,c Nissanka b Madushanka,9,5,11,2,0,180,out,38
Sri Lanka Vs Bangladesh,Bangladesh,2,Litton Das ,lbw b Madushanka,23,22,36,2,2,104.54,out,38
Sri Lanka Vs Bangladesh,Bangladesh,3,Najmul Hossain Shanto ,b Mathews,90,101,163,12,0,89.1,out,38
Sri Lanka Vs Bangladesh,Bangladesh,4,Shakib Al Hasan (c),c Asalanka b Mathews,82,65,128,12,2,126.15,out,38
Sri Lanka Vs Bangladesh,Bangladesh,5,Mahmudullah ,b Theekshana,22,23,37,3,1,95.65,out,38
Sri Lanka Vs Bangladesh,Bangladesh,6,Mushfiqur Rahim †,b Madushanka,10,13,21,1,0,76.92,out,38
Sri Lanka Vs Bangladesh,Bangladesh,7,Towhid Hridoy ,not out,15,7,22,0,2,214.28,not out,38
Sri Lanka Vs Bangladesh,Bangladesh,8,Mehidy Hasan Miraz ,c Asalanka b Theekshana,3,5,9,0,0,60,out,38
Sri Lanka Vs Bangladesh,Bangladesh,9,Tanzim Hasan Sakib ,not out,5,6,6,1,0,83.33,not out,38
Afghanistan Vs Australia,Afghanistan,1,Rahmanullah Gurbaz ,c Starc b Hazlewood,21,25,38,2,0,84,out,39
Afghanistan Vs Australia,Afghanistan,2,Ibrahim Zadran ,not out,129,143,217,8,3,90.2,not out,39
Afghanistan Vs Australia,Afghanistan,3,Rahmat Shah ,c Hazlewood b Maxwell,30,44,61,1,0,68.18,out,39
Afghanistan Vs Australia,Afghanistan,4,Hashmatullah Shahidi (c),b Starc,26,43,50,2,0,60.46,out,39
Afghanistan Vs Australia,Afghanistan,5,Azmatullah Omarzai ,c Maxwell b Zampa,22,18,23,1,2,122.22,out,39
Afghanistan Vs Australia,Afghanistan,6,Mohammad Nabi ,b Hazlewood,12,10,15,0,1,120,out,39
Afghanistan Vs Australia,Afghanistan,7,Rashid Khan ,not out,35,18,25,2,3,194.44,not out,39
Afghanistan Vs Australia,Australia,1,David Warner ,b Azmatullah Omarzai,18,29,46,3,0,62.06,out,39
Afghanistan Vs Australia,Australia,2,Travis Head ,c †Ikram Alikhil b Naveen-ul-Haq,0,2,5,0,0,0,out,39
Afghanistan Vs Australia,Australia,3,Mitchell Marsh ,lbw b Naveen-ul-Haq,24,11,22,2,2,218.18,out,39
Afghanistan Vs Australia,Australia,4,Marnus Labuschagne ,run out (Rahmat Shah),14,28,53,2,0,50,out,39
Afghanistan Vs Australia,Australia,5,Josh Inglis †,c Ibrahim Zadran b Azmatullah Omarzai,0,1,1,0,0,0,out,39
Afghanistan Vs Australia,Australia,6,Glenn Maxwell ,not out,201,128,181,21,10,157.03,not out,39
Afghanistan Vs Australia,Australia,7,Marcus Stoinis ,lbw b Rashid Khan,6,7,13,1,0,85.71,out,39
Afghanistan Vs Australia,Australia,8,Mitchell Starc ,c †Ikram Alikhil b Rashid Khan,3,7,8,0,0,42.85,out,39
Afghanistan Vs Australia,Australia,9,Pat Cummins (c),not out,12,68,122,1,0,17.64,not out,39
England Vs Netherlands,England,1,Jonny Bairstow ,c van Meekeren b Dutt,15,17,29,2,0,88.23,out,40
England Vs Netherlands,England,2,Dawid Malan ,run out (†Edwards/van Beek),87,74,92,10,2,117.56,out,40
England Vs Netherlands,England,3,Joe Root ,b van Beek,28,35,53,1,0,80,out,40
England Vs Netherlands,England,4,Ben Stokes ,c Engelbrecht b van Beek,108,84,136,6,6,128.57,out,40
England Vs Netherlands,England,5,Harry Brook ,c Ackermann b de Leede,11,16,19,2,0,68.75,out,40
England Vs Netherlands,England,6,Jos Buttler (c)†,c Nidamanuru b van Meekeren,5,11,12,0,0,45.45,out,40
England Vs Netherlands,England,7,Moeen Ali ,c de Leede b Dutt,4,15,20,0,0,26.66,out,40
England Vs Netherlands,England,8,Chris Woakes ,c †Edwards b de Leede,51,45,66,5,1,113.33,out,40
England Vs Netherlands,England,9,David Willey ,c Engelbrecht b de Leede,6,2,1,0,1,300,out,40
England Vs Netherlands,England,10,Gus Atkinson ,not out,2,1,7,0,0,200,not out,40
England Vs Netherlands,England,11,Adil Rashid ,not out,1,1,3,0,0,100,not out,40
England Vs Netherlands,Netherlands,1,Wesley Barresi ,run out (Woakes/Ali),37,62,77,3,1,59.67,out,40
England Vs Netherlands,Netherlands,2,Max O'Dowd ,c Ali b Woakes,5,11,20,1,0,45.45,out,40
England Vs Netherlands,Netherlands,3,Colin Ackermann ,c †Buttler b Willey,0,2,4,0,0,0,out,40
England Vs Netherlands,Netherlands,4,Sybrand Engelbrecht ,c Woakes b Willey,33,49,73,3,1,67.34,out,40
England Vs Netherlands,Netherlands,5,Scott Edwards (c)†,c Malan b Ali,38,42,67,3,1,90.47,out,40
England Vs Netherlands,Netherlands,6,Bas de Leede ,b Rashid,10,12,11,2,0,83.33,out,40
England Vs Netherlands,Netherlands,7,Teja Nidamanuru ,not out,41,34,47,2,3,120.58,not out,40
England Vs Netherlands,Netherlands,8,Logan van Beek ,c Malan b Rashid,2,2,3,0,0,100,out,40
England Vs Netherlands,Netherlands,9,Roelof van der Merwe ,c Rashid b Ali,0,4,3,0,0,0,out,40
England Vs Netherlands,Netherlands,10,Aryan Dutt ,b Rashid,1,3,4,0,0,33.33,out,40
England Vs Netherlands,Netherlands,11,Paul van Meekeren ,st †Buttler b Ali,4,3,3,1,0,133.33,out,40
Sri Lanka Vs New Zealand,Sri Lanka,1,Pathum Nissanka ,c †Latham b Southee,2,8,9,0,0,25,out,41
Sri Lanka Vs New Zealand,Sri Lanka,2,Kusal Perera ,c Santner b Ferguson,51,28,46,9,2,182.14,out,41
Sri Lanka Vs New Zealand,Sri Lanka,3,Kusal Mendis (c)†,c Ravindra b Boult,6,7,11,1,0,85.71,out,41
Sri Lanka Vs New Zealand,Sri Lanka,4,Sadeera Samarawickrama ,c Mitchell b Boult,1,2,2,0,0,50,out,41
Sri Lanka Vs New Zealand,Sri Lanka,5,Charith Asalanka ,lbw b Boult,8,8,16,1,0,100,out,41
Sri Lanka Vs New Zealand,Sri Lanka,6,Angelo Mathews ,c Mitchell b Santner,16,27,33,2,0,59.25,out,41
Sri Lanka Vs New Zealand,Sri Lanka,7,Dhananjaya de Silva ,c Mitchell b Santner,19,24,36,2,1,79.16,out,41
Sri Lanka Vs New Zealand,Sri Lanka,8,Chamika Karunaratne ,c †Latham b Ferguson,6,17,28,1,0,35.29,out,41
Sri Lanka Vs New Zealand,Sri Lanka,9,Maheesh Theekshana ,not out,38,91,109,3,0,41.75,not out,41
Sri Lanka Vs New Zealand,Sri Lanka,10,Dushmantha Chameera ,c Boult b Ravindra,1,20,32,0,0,5,out,41
Sri Lanka Vs New Zealand,Sri Lanka,11,Dilshan Madushanka ,c †Latham b Ravindra,19,48,56,2,0,39.58,out,41
Sri Lanka Vs New Zealand,New Zealand,1,Devon Conway ,c de Silva b Chameera,45,42,54,9,0,107.14,out,41
Sri Lanka Vs New Zealand,New Zealand,2,Rachin Ravindra ,c de Silva b Theekshana,42,34,61,3,3,123.52,out,41
Sri Lanka Vs New Zealand,New Zealand,3,Kane Williamson (c),b Mathews,14,15,26,2,0,93.33,out,41
Sri Lanka Vs New Zealand,New Zealand,4,Daryl Mitchell ,c Asalanka b Mathews,43,31,45,5,2,138.7,out,41
Sri Lanka Vs New Zealand,New Zealand,5,Mark Chapman ,run out (Samarawickrama/Mathews),7,6,13,1,0,116.66,out,41
Sri Lanka Vs New Zealand,New Zealand,6,Glenn Phillips ,not out,17,10,15,3,0,170,not out,41
Sri Lanka Vs New Zealand,New Zealand,7,Tom Latham †,not out,2,2,3,0,0,100,not out,41
Afghanistan Vs South Africa,Afghanistan,1,Rahmanullah Gurbaz ,c Klaasen b Maharaj,25,22,45,3,1,113.63,out,42
Afghanistan Vs South Africa,Afghanistan,2,Ibrahim Zadran ,c †de Kock b Coetzee,15,30,52,3,0,50,out,42
Afghanistan Vs South Africa,Afghanistan,3,Rahmat Shah ,c Miller b Ngidi,26,46,58,2,0,56.52,out,42
Afghanistan Vs South Africa,Afghanistan,4,Hashmatullah Shahidi (c),c †de Kock b Maharaj,2,7,5,0,0,28.57,out,42
Afghanistan Vs South Africa,Afghanistan,5,Azmatullah Omarzai ,not out,97,107,173,7,3,90.65,not out,42
Afghanistan Vs South Africa,Afghanistan,6,Ikram Alikhil †,c †de Kock b Coetzee,12,14,16,1,1,85.71,out,42
Afghanistan Vs South Africa,Afghanistan,7,Mohammad Nabi ,c †de Kock b Ngidi,2,3,7,0,0,66.66,out,42
Afghanistan Vs South Africa,Afghanistan,8,Rashid Khan ,c †de Kock b Phehlukwayo,14,30,42,0,0,46.66,out,42
Afghanistan Vs South Africa,Afghanistan,9,Noor Ahmad ,c †de Kock b Coetzee,26,32,36,4,0,81.25,out,42
Afghanistan Vs South Africa,Afghanistan,10,Mujeeb Ur Rahman ,c Markram b Coetzee,8,5,7,0,1,160,out,42
Afghanistan Vs South Africa,Afghanistan,11,Naveen-ul-Haq ,run out (Rabada),2,4,12,0,0,50,out,42
Afghanistan Vs South Africa,South Africa,1,Quinton de Kock †,lbw b Mohammad Nabi,41,47,58,2,3,87.23,out,42
Afghanistan Vs South Africa,South Africa,2,Temba Bavuma (c),c Rahmanullah Gurbaz b Mujeeb Ur Rahman,23,28,49,3,0,82.14,out,42
Afghanistan Vs South Africa,South Africa,3,Rassie van der Dussen ,not out,76,95,141,6,1,80,not out,42
Afghanistan Vs South Africa,South Africa,4,Aiden Markram ,c Naveen-ul-Haq b Rashid Khan,25,32,32,1,1,78.12,out,42
Afghanistan Vs South Africa,South Africa,5,Heinrich Klaasen ,b Rashid Khan,10,13,15,1,0,76.92,out,42
Afghanistan Vs South Africa,South Africa,6,David Miller ,c & b Mohammad Nabi,24,33,35,1,1,72.72,out,42
Afghanistan Vs South Africa,South Africa,7,Andile Phehlukwayo ,not out,39,37,46,1,3,105.4,not out,42
Bangladesh Vs Australia,Bangladesh,1,Tanzid Hasan ,c & b Abbott,36,34,55,6,0,105.88,out,43
Bangladesh Vs Australia,Bangladesh,2,Litton Das ,c Labuschagne b Zampa,36,45,76,5,0,80,out,43
Bangladesh Vs Australia,Bangladesh,3,Najmul Hossain Shanto (c),run out (Labuschagne/†Inglis),45,57,59,6,0,78.94,out,43
Bangladesh Vs Australia,Bangladesh,4,Towhid Hridoy ,c Labuschagne b Stoinis,74,79,121,5,2,93.67,out,43
Bangladesh Vs Australia,Bangladesh,5,Mahmudullah ,run out (Labuschagne),32,28,34,1,3,114.28,out,43
Bangladesh Vs Australia,Bangladesh,6,Mushfiqur Rahim †,c Cummins b Zampa,21,24,27,0,1,87.5,out,43
Bangladesh Vs Australia,Bangladesh,7,Mehidy Hasan Miraz ,c Cummins b Abbott,29,20,33,4,0,145,out,43
Bangladesh Vs Australia,Bangladesh,8,Nasum Ahmed ,run out (Abbott),7,11,15,0,0,63.63,out,43
Bangladesh Vs Australia,Bangladesh,9,Mahedi Hasan ,not out,2,3,4,0,0,66.66,not out,43
Bangladesh Vs Australia,Bangladesh,10,Taskin Ahmed ,not out,0,1,2,0,0,0,not out,43
Bangladesh Vs Australia,Australia,1,Travis Head ,b Taskin Ahmed,10,11,11,2,0,90.9,out,43
Bangladesh Vs Australia,Australia,2,David Warner ,c Najmul Hossain Shanto b Mustafizur Rahman,53,61,90,6,0,86.88,out,43
Bangladesh Vs Australia,Australia,3,Mitchell Marsh ,not out,177,132,177,17,9,134.09,not out,43
Bangladesh Vs Australia,Australia,4,Steven Smith ,not out,63,64,99,4,1,98.43,not out,43
England Vs Pakistan,England,1,Dawid Malan ,c †Mohammad Rizwan b Iftikhar Ahmed,31,39,61,5,0,79.48,out,44
England Vs Pakistan,England,2,Jonny Bairstow ,c Agha Salman b Haris Rauf,59,61,81,7,1,96.72,out,44
England Vs Pakistan,England,3,Joe Root ,c Shadab Khan b Shaheen Shah Afridi,60,72,115,4,0,83.33,out,44
England Vs Pakistan,England,4,Ben Stokes ,b Shaheen Shah Afridi,84,76,85,11,2,110.52,out,44
England Vs Pakistan,England,5,Jos Buttler (c)†,run out (Haris Rauf),27,18,39,3,1,150,out,44
England Vs Pakistan,England,6,Harry Brook ,c Shaheen Shah Afridi b Haris Rauf,30,17,24,2,2,176.47,out,44
England Vs Pakistan,England,7,Moeen Ali ,b Haris Rauf,8,6,10,0,1,133.33,out,44
England Vs Pakistan,England,8,Chris Woakes ,not out,4,4,19,1,0,100,not out,44
England Vs Pakistan,England,9,David Willey ,c Iftikhar Ahmed b Mohammad Wasim,15,5,5,2,1,300,out,44
England Vs Pakistan,England,10,Gus Atkinson ,b Mohammad Wasim,0,1,1,0,0,0,out,44
England Vs Pakistan,England,11,Adil Rashid ,not out,0,1,1,0,0,0,not out,44
England Vs Pakistan,Pakistan,1,Abdullah Shafique ,lbw b Willey,0,2,2,0,0,0,out,44
England Vs Pakistan,Pakistan,2,Fakhar Zaman ,c Stokes b Willey,1,9,13,0,0,11.11,out,44
England Vs Pakistan,Pakistan,3,Babar Azam (c),c Rashid b Atkinson,38,45,58,6,0,84.44,out,44
England Vs Pakistan,Pakistan,4,Mohammad Rizwan †,b Ali,36,51,78,2,0,70.58,out,44
England Vs Pakistan,Pakistan,5,Saud Shakeel ,b Rashid,29,37,52,4,0,78.37,out,44
England Vs Pakistan,Pakistan,6,Agha Salman ,c Stokes b Willey,51,45,53,6,1,113.33,out,44
England Vs Pakistan,Pakistan,7,Iftikhar Ahmed ,c Malan b Ali,3,5,8,0,0,60,out,44
England Vs Pakistan,Pakistan,8,Shadab Khan ,b Rashid,4,7,4,1,0,57.14,out,44
England Vs Pakistan,Pakistan,9,Shaheen Shah Afridi ,lbw b Atkinson,25,23,23,3,1,108.69,out,44
England Vs Pakistan,Pakistan,10,Mohammad Wasim ,not out,16,14,33,2,1,114.28,not out,44
England Vs Pakistan,Pakistan,11,Haris Rauf ,c Stokes b Woakes,35,23,27,3,3,152.17,out,44
India Vs Netherlands,India,1,Rohit Sharma (c),c Barresi b de Leede,61,54,74,8,2,112.96,out,45
India Vs Netherlands,India,2,Shubman Gill ,c Nidamanuru b van Meekeren,51,32,49,3,4,159.37,out,45
India Vs Netherlands,India,3,Virat Kohli ,b van der Merwe,51,56,69,5,1,91.07,out,45
India Vs Netherlands,India,4,Shreyas Iyer ,not out,128,94,145,10,5,136.17,not out,45
India Vs Netherlands,India,5,KL Rahul †,c Engelbrecht b de Leede,102,64,98,11,4,159.37,out,45
India Vs Netherlands,India,6,Suryakumar Yadav ,not out,2,1,1,0,0,200,not out,45
India Vs Netherlands,Netherlands,1,Wesley Barresi ,c †Rahul b Mohammed Siraj,4,5,8,0,0,80,out,45
India Vs Netherlands,Netherlands,2,Max O'Dowd ,b Jadeja,30,42,68,3,1,71.42,out,45
India Vs Netherlands,Netherlands,3,Colin Ackermann ,lbw b Kuldeep Yadav,35,32,46,6,0,109.37,out,45
India Vs Netherlands,Netherlands,4,Sybrand Engelbrecht ,b Mohammed Siraj,45,80,87,4,0,56.25,out,45
India Vs Netherlands,Netherlands,5,Scott Edwards (c)†,c †Rahul b Kohli,17,30,27,1,0,56.66,out,45
India Vs Netherlands,Netherlands,6,Bas de Leede ,b Bumrah,12,21,23,1,0,57.14,out,45
India Vs Netherlands,Netherlands,7,Teja Nidamanuru ,c Mohammed Shami b Sharma,54,39,65,1,6,138.46,out,45
India Vs Netherlands,Netherlands,8,Logan van Beek ,b Kuldeep Yadav,16,15,20,2,0,106.66,out,45
India Vs Netherlands,Netherlands,9,Roelof van der Merwe ,c Mohammed Shami b Jadeja,16,8,5,1,2,200,out,45
India Vs Netherlands,Netherlands,10,Aryan Dutt ,b Bumrah,5,11,9,0,0,45.45,out,45
India Vs Netherlands,Netherlands,11,Paul van Meekeren ,not out,3,4,7,0,0,75,not out,45
India Vs New Zealand,India,1,Rohit Sharma (c),c Williamson b Southee,47,29,40,4,4,162.06,out,46
India Vs New Zealand,India,2,Shubman Gill ,not out,80,66,116,8,3,121.21,not out,46
India Vs New Zealand,India,3,Virat Kohli ,c Conway b Southee,117,113,149,9,2,103.53,out,46
India Vs New Zealand,India,4,Shreyas Iyer ,c Mitchell b Boult,105,70,114,4,8,150,out,46
India Vs New Zealand,India,5,KL Rahul †,not out,39,20,29,5,2,195,not out,46
India Vs New Zealand,India,6,Suryakumar Yadav ,c Phillips b Southee,1,2,2,0,0,50,out,46
India Vs New Zealand,New Zealand,1,Devon Conway ,c †Rahul b Mohammed Shami,13,15,26,3,0,86.66,out,46
India Vs New Zealand,New Zealand,2,Rachin Ravindra ,c †Rahul b Mohammed Shami,13,22,39,3,0,59.09,out,46
India Vs New Zealand,New Zealand,3,Kane Williamson (c),c Yadav b Mohammed Shami,69,73,116,8,1,94.52,out,46
India Vs New Zealand,New Zealand,4,Daryl Mitchell ,c Jadeja b Mohammed Shami,134,119,180,9,7,112.6,out,46
India Vs New Zealand,New Zealand,5,Tom Latham †,lbw b Mohammed Shami,0,2,1,0,0,0,out,46
India Vs New Zealand,New Zealand,6,Glenn Phillips ,c Jadeja b Bumrah,41,33,58,4,2,124.24,out,46
India Vs New Zealand,New Zealand,7,Mark Chapman ,c Jadeja b Kuldeep Yadav,2,5,5,0,0,40,out,46
India Vs New Zealand,New Zealand,8,Mitchell Santner ,c Sharma b Mohammed Siraj,9,10,20,0,0,90,out,46
India Vs New Zealand,New Zealand,9,Tim Southee ,c †Rahul b Mohammed Shami,9,10,14,1,0,90,out,46
India Vs New Zealand,New Zealand,10,Trent Boult ,not out,2,2,5,0,0,100,not out,46
India Vs New Zealand,New Zealand,11,Lockie Ferguson ,c †Rahul b Mohammed Shami,6,3,2,0,1,200,out,46
South Africa Vs Australia,South Africa,1,Quinton de Kock †,c Cummins b Hazlewood,3,14,27,0,0,21.42,out,47
South Africa Vs Australia,South Africa,2,Temba Bavuma (c),c †Inglis b Starc,0,4,5,0,0,0,out,47
South Africa Vs Australia,South Africa,3,Rassie van der Dussen ,c Smith b Hazlewood,6,31,53,0,0,19.35,out,47
South Africa Vs Australia,South Africa,4,Aiden Markram ,c Warner b Starc,10,20,24,2,0,50,out,47
South Africa Vs Australia,South Africa,5,Heinrich Klaasen ,b Head,47,48,76,4,2,97.91,out,47
South Africa Vs Australia,South Africa,6,David Miller ,c Head b Cummins,101,116,138,8,5,87.06,out,47
South Africa Vs Australia,South Africa,7,Marco Jansen ,lbw b Head,0,1,1,0,0,0,out,47
South Africa Vs Australia,South Africa,8,Gerald Coetzee ,c †Inglis b Cummins,19,39,42,2,0,48.71,out,47
South Africa Vs Australia,South Africa,9,Keshav Maharaj ,c Smith b Starc,4,8,13,0,0,50,out,47
South Africa Vs Australia,South Africa,10,Kagiso Rabada ,c Maxwell b Cummins,10,12,18,0,1,83.33,out,47
South Africa Vs Australia,South Africa,11,Tabraiz Shamsi ,not out,1,5,11,0,0,20,not out,47
South Africa Vs Australia,Australia,1,Travis Head ,b Maharaj,62,48,62,9,2,129.16,out,47
South Africa Vs Australia,Australia,2,David Warner ,b Markram,29,18,29,1,4,161.11,out,47
South Africa Vs Australia,Australia,3,Mitchell Marsh ,c van der Dussen b Rabada,0,6,5,0,0,0,out,47
South Africa Vs Australia,Australia,4,Steven Smith ,c †de Kock b Coetzee,30,62,102,2,0,48.38,out,47
South Africa Vs Australia,Australia,5,Marnus Labuschagne ,lbw b Shamsi,18,31,28,2,0,58.06,out,47
South Africa Vs Australia,Australia,6,Glenn Maxwell ,b Shamsi,1,5,8,0,0,20,out,47
South Africa Vs Australia,Australia,7,Josh Inglis †,b Coetzee,28,49,66,3,0,57.14,out,47
South Africa Vs Australia,Australia,8,Mitchell Starc ,not out,16,38,61,2,0,42.1,not out,47
South Africa Vs Australia,Australia,9,Pat Cummins (c),not out,14,29,32,2,0,48.27,not out,47
India Vs Australia,India,1,Rohit Sharma (c),c Head b Maxwell,47,31,44,4,3,151.61,out,48
India Vs Australia,India,2,Shubman Gill ,c Zampa b Starc,4,7,21,0,0,57.14,out,48
India Vs Australia,India,3,Virat Kohli ,b Cummins,54,63,99,4,0,85.71,out,48
India Vs Australia,India,4,Shreyas Iyer ,c †Inglis b Cummins,4,3,3,1,0,133.33,out,48
India Vs Australia,India,5,KL Rahul †,c †Inglis b Starc,66,107,133,1,0,61.68,out,48
India Vs Australia,India,6,Ravindra Jadeja ,c †Inglis b Hazlewood,9,22,33,0,0,40.9,out,48
India Vs Australia,India,7,Suryakumar Yadav ,c †Inglis b Hazlewood,18,28,57,1,0,64.28,out,48
India Vs Australia,India,8,Mohammed Shami ,c †Inglis b Starc,6,10,9,1,0,60,out,48
India Vs Australia,India,9,Jasprit Bumrah ,lbw b Zampa,1,3,5,0,0,33.33,out,48
India Vs Australia,India,10,Kuldeep Yadav ,run out (Labuschagne/Cummins),10,18,28,0,0,55.55,out,48
India Vs Australia,India,11,Mohammed Siraj ,not out,9,8,13,1,0,112.5,not out,48
India Vs Australia,Australia,1,David Warner ,c Kohli b Mohammed Shami,7,3,6,1,0,233.33,out,48
India Vs Australia,Australia,2,Travis Head ,c Shubman Gill b Mohammed Siraj,137,120,166,15,4,114.16,out,48
India Vs Australia,Australia,3,Mitchell Marsh ,c †Rahul b Bumrah,15,15,15,1,1,100,out,48
India Vs Australia,Australia,4,Steven Smith ,lbw b Bumrah,4,9,11,1,0,44.44,out,48
India Vs Australia,Australia,5,Marnus Labuschagne ,not out,58,110,133,4,0,52.72,not out,48
India Vs Australia,Australia,6,Glenn Maxwell ,not out,2,1,1,0,0,200,not out,48
